DBRep_DrawableShape

CASCADE Topology V3, (c) Open Cascade
Locations 0
Curve2ds 46
8 0 40
1 6.2831853071795862 0 0 1 
1 0 0 0 1 
1 0 0 1 0 
2 -1.7093001656742801e-16 0 1 0 -0 1 2
1 0 40 1 0 
7 0 0  9 66 9  0 0  0.088547362495737109 0  0.17671589519532258 0  0.26457250430267759 0  0.35214446295842 0  0.43964446184718653 0  0.52684583926118023 0  0.61405988140407219 0  0.70115764693120941 0  0.8752725712153312 0  0.96228346621785033 0  1.0492848138578099 0  1.1362612904845895 0  1.223264951929699 0  1.3103013310792935 0  1.3973357963376207 0  1.4844120900770312 0  1.6586139079635853 0  1.7457432956434804 0  1.8328966121537535 0  1.9201022863596331 0  2.00730362825283 0  2.0944806804039069 0  2.1816822067370385 0  2.2689225365255972 0  2.4434424856862687 0  2.5307200287079996 0  2.6180163266129806 0  2.7052669301419576 0  2.7925194524999615 0  2.8797950274094197 0  2.9670569172324202 0  3.0543252723325272 0  3.2288600348470502 0  3.3161283899471936 0  3.4033902797701669 0  3.4906658546795168 0  3.5779183770378142 0  3.6651689805664489 0  3.7524652784716657 0  3.8397428214932967 0  4.0142627706540024 0  4.1015031004425317 0  4.1887046267757251 0  4.2758816789267007 0  4.3630830208200591 0  4.4502886950257361 0  4.5374420115361564 0  4.6245713992160038 0  4.7987732171025099 0  4.8858495108421982 0  4.9728839760997321 0  5.0599203552507541 0  5.1469240166940793 0  5.2339004933223965 0  5.3209018409614455 0  5.407912735964322 0  5.5820276602483174 0  5.6691254257756984 0  5.7563394679180071 0  5.8435408453329734 0  5.9310408442205862 0  6.0186128028773034 0  6.1064694119840661 0  6.1946379446839028 0  6.2831853071795862 0 
 0 10 0.78539816339744828 8 1.5707963267948966 8 2.3561944901923448 8 3.1415926535897931 8 3.9269908169872414 8 4.7123889803846897 8 5.497787143782138 8 6.2831853071795862 10
1 0 0 1 0 
2 1.1395334437828526e-16 7.1054273576010019e-15 1 0 -0 1 1.5
2 -1.7093001656742801e-16 0 1 0 -0 1 1.5
8 0 1
1 6.2831853071795862 0 0 1 
1 0 0 0 1 
1 0 1 1 0 
7 0 0  9 10 2  0 0  0.68803273457488767 0  1.3994978159245455 0  2.1020888770218957 0  2.7778475428499059 0  3.5053377643273063 0  4.1810964301620759 0  4.8836874912528012 0  5.5951525726046709 0  6.2831853071795862 0 
 0 10 6.2831853071795862 10
8 0 40
1 6.2831853071795862 0 0 1 
1 0 0 0 1 
1 0 40 1 0 
7 0 0  9 66 9  -5.5511151231257827e-17 0  0.088547362495734944 0  0.17671589519532702 0  0.26457250430265589 0  0.35214446295843838 0  0.43964446184715272 0  0.52684583926120099 0  0.6140598814040592 0  0.7011576469312053 0  0.87527257121532465 0  0.96228346621784366 0  1.0492848138578132 0  1.1362612904845757 0  1.2232649519297232 0  1.3103013310792733 0  1.3973357963376263 0  1.4844120900770303 0  1.6586139079635802 0  1.7457432956435111 0  1.8328966121536863 0  1.9201022863597383 0  2.0073036282527217 0  2.0944806804039917 0  2.1816822067369985 0  2.2689225365256021 0  2.4434424856862753 0  2.5307200287079508 0  2.6180163266130836 0  2.7052669301418351 0  2.7925194525000512 0  2.879795027409382 0  2.9670569172324233 0  3.0543252723325311 0  3.2288600348470418 0  3.3161283899472318 0  3.4033902797700857 0  3.4906658546796376 0  3.5779183770376894 0  3.6651689805665439 0  3.7524652784716164 0  3.8397428214933118 0  4.0142627706539793 0  4.1015031004426321 0  4.1887046267754853 0  4.2758816789270835 0  4.3630830208196558 0  4.4502886950260434 0  4.5374420115360223 0  4.6245713992160304 0  4.7987732171024975 0  4.8858495108422302 0  4.9728839760996761 0  5.0599203552508136 0  5.1469240166940278 0  5.2339004933224276 0  5.3209018409614206 0  5.4079127359643335 0  5.5820276602482748 0  5.669125425775877 0  5.756339467917595 0  5.8435408453335071 0  5.9310408442200542 0  6.0186128028776631 0  6.1064694119838938 0  6.1946379446839508 0  6.2831853071795862 0 
 0 10 0.78539816339744828 8 1.5707963267948966 8 2.3561944901923448 8 3.1415926535897931 8 3.9269908169872414 8 4.7123889803846897 8 5.497787143782138 8 6.2831853071795862 10
8 0 90
1 6.2831853071795862 0 0 1 
1 0 0 0 1 
1 0 90 1 0 
7 0 0  9 66 9  5.5511151231257827e-17 0  0.08854736249573586 0  0.17671589519533987 0  0.26457250430269647 0  0.35214446295849477 0  0.43964446184718831 0  0.52684583926123685 0  0.6140598814040884 0  0.70115764693122851 0  0.87527257121534363 0  0.96228346621785954 0  1.0492848138578443 0  1.1362612904845915 0  1.2232649519297707 0  1.3103013310792722 0  1.3973357963376538 0  1.4844120900770363 0  1.6586139079635878 0  1.7457432956434971 0  1.8328966121537245 0  1.9201022863596744 0  2.0073036282527825 0  2.09448068040395 0  2.1816822067370141 0  2.2689225365256016 0  2.4434424856862678 0  2.5307200287079903 0  2.6180163266130156 0  2.7052669301418883 0  2.7925194525000441 0  2.8797950274093567 0  2.9670569172324459 0  3.0543252723325267 0  3.2288600348470382 0  3.316128389947274 0  3.4033902797699875 0  3.4906658546797704 0  3.5779183770375664 0  3.6651689805666301 0  3.7524652784715826 0  3.8397428214933154 0  4.0142627706539722 0  4.1015031004426588 0  4.188704626775464 0  4.2758816789271528 0  4.3630830208196976 0  4.4502886950260079 0  4.537442011536073 0  4.6245713992160171 0  4.7987732171025206 0  4.8858495108420961 0  4.9728839760999328 0  5.0599203552504273 0  5.1469240166943502 0  5.2339004933221878 0  5.3209018409614277 0  5.407912735964266 0  5.5820276602481904 0  5.6691254257758557 0  5.7563394679172806 0  5.8435408453337772 0  5.9310408442193179 0  6.0186128028777857 0  6.1064694119836744 0  6.1946379446839988 0  6.2831853071795862 0 
 0 10 0.78539816339744828 8 1.5707963267948966 8 2.3561944901923448 8 3.1415926535897931 8 3.9269908169872414 8 4.7123889803846897 8 5.497787143782138 8 6.2831853071795862 10
8 0 1
1 6.2831853071795862 0 0 1 
1 0 0 0 1 
1 0 1 1 0 
7 0 0  9 10 2  4.4408920985006262e-16 0  0.68803273457490732 0  1.3994978159238123 0  2.1020888770252424 0  2.777847542842355 0  3.5053377643373578 0  4.1810964301540663 0  4.8836874912559987 0  5.5951525726046309 0  6.2831853071795862 0 
 0 10 6.2831853071795862 10
8 0 1
1 6.2831853071795862 0 0 1 
1 0 0 0 1 
1 0 1 1 0 
7 0 0  9 10 2  0 0  0.68803273457486713 0  1.3994978159241016 0  2.1020888770225743 0  2.7778475428489147 0  3.5053377643283206 0  4.1810964301617988 0  4.883687491252318 0  5.5951525726046789 0  6.2831853071795862 0 
 0 10 6.2831853071795862 10
8 0 90
1 6.2831853071795862 0 0 1 
1 0 0 0 1 
1 0 90 1 0 
7 0 0  9 66 9  1.1102230246251565e-16 0  0.088547362495739398 0  0.17671589519533334 0  0.26457250430275653 0  0.35214446295849228 0  0.43964446184725353 0  0.52684583926121509 0  0.61405988140412415 0  0.70115764693124394 0  0.87527257121536617 0  0.96228346621788219 0  1.0492848138578565 0  1.1362612904846219 0  1.2232649519297638 0  1.3103013310792975 0  1.3973357963376587 0  1.484412090077045 0  1.6586139079635958 0  1.7457432956434611 0  1.8328966121537826 0  1.9201022863595432 0  2.0073036282528456 0  2.0944806804038514 0  2.1816822067370465 0  2.2689225365255958 0  2.4434424856862731 0  2.5307200287079978 0  2.6180163266129886 0  2.7052669301419252 0  2.7925194525000019 0  2.879795027409394 0  2.9670569172324233 0  3.0543252723325325 0  3.2288600348470351 0  3.316128389947266 0  3.403390279770016 0  3.4906658546797242 0  3.5779183770376166 0  3.6651689805665781 0  3.7524652784716142 0  3.83974282149331 0  4.0142627706539908 0  4.1015031004426037 0  4.1887046267754959 0  4.2758816789270773 0  4.3630830208195954 0  4.4502886950260914 0  4.5374420115359841 0  4.6245713992160358 0  4.7987732171025304 0  4.8858495108421005 0  4.9728839761000092 0  5.0599203552503935 0  5.1469240166944283 0  5.2339004933221815 0  5.320901840961537 0  5.407912735964298 0  5.5820276602482881 0  5.6691254257758104 0  5.7563394679175808 0  5.8435408453335649 0  5.9310408442197584 0  6.0186128028777368 0  6.106469411983789 0  6.1946379446839828 0  6.2831853071795862 0 
 0 10 0.78539816339744828 8 1.5707963267948966 8 2.3561944901923448 8 3.1415926535897931 8 3.9269908169872414 8 4.7123889803846897 8 5.497787143782138 8 6.2831853071795862 10
8 0 16.000000000000011
1 6.2831853071795862 0 0 1 
1 0 0 0 1 
1 0 16.000000000000011 1 0 
2 0 0 0.98497089390306614 -0.17272040459596835 0.17272040459596835 0.98497089390306614 1.9999999999999967
8 0 1
1 6.2831853071795862 0 0 1 
1 0 0 0 1 
1 0 1 1 0 
7 0 0  9 10 2  0 0  0.68803273457489744 0  1.3994978159225695 0  2.1020888770289305 0  2.7778475428354885 0  3.5053377643453989 0  4.1810964301483748 0  4.8836874912580805 0  5.5951525726046709 0  6.2831853071795862 0 
 0 10 6.2831853071795862 10
1 0 16.000000000000011 1 0 
2 6.3136138376691177e-14 9.1648283469571809e-29 0.98497089390306614 -0.17272040459596835 0.17272040459596835 0.98497089390306614 1.4999999999999869
2 0 0 0.98497089390306614 -0.17272040459596835 0.17272040459596835 0.98497089390306614 1.4999999999999869
8 0 16.000000000000011
1 6.2831853071795862 0 0 1 
1 0 0 0 1 
Curves 22
1 2 -35.880960999999999 307.660258 0 0 1 
2 0 -35.880960999999999 307.660258 0 0 1 1 0 -0 -0 1 0 2
2 0 -35.880960999999999 347.660258 0 0 1 1 0 -0 -0 1 0 2
2 0 -35.880960999999999 307.660258 0 0 1 1 0 -0 -0 1 0 1.5
7 1 0  8 51 9  1.9999999999999998 -35.880960999999999 347.66025800000006  1.6690784610682365 2.0000000000000027 -35.880961000000298 348.363383  1.6690784610682357 1.9999999999999944 -35.788516401366209 349.02772720005578  1.6690784610682365 2.0000000000000049 -35.605553133241756 349.65409853349962  1.6690784610682374 1.9999999999999989 -35.333997124753225 350.24330493366347  1.6690784610682357 1.9999999999999956 -34.975774305055666 350.79615433387977  1.6690784610682365 2.0000000000000044 -34.532810603270818 351.31345466748053  1.6690784610682354 1.9999999999999916 -33.481253293823542 352.27857306811524  1.6690784610682416 2.0000000000000098 -32.10613988916019 353.10795866894534  1.6690784610682281 1.9999999999999651 -31.339620092162136 353.48952620274122  1.6690784610682663 2.0000000000000515 -30.496063129640319 353.83877640325079  1.6690784610681961 1.9999999999999603 -29.577394930723568 354.15651720380492  1.6690784610682665 2.0000000000000102 -28.585541424561157 354.44355653773721  1.6690784610682279 1.9999999999999933 -25.396202771727673 355.21499393966235  1.6690784610682468 2.0000000000000049 -21.582863078126078 355.72466094196443  1.6690784610682246 1.9999999999999947 -18.778710252927638 355.95456001032341  1.6690784610682601 2.0000000000000044 -15.728038498048946 356.08104361216539  1.6690784610682092 1.9999999999999989 -12.446255246580876 356.11057521414602  1.6690784610682536 2.0000000000000004 -8.9487679316409015 356.04961828292414  1.6690784610682334 2.0000000000000022 2.1445839042971642 355.6146722896205  1.6690784610682368 1.999999999999992 14.901938515624657 354.48167189732146  1.6690784610682394 2.0000000000000218 24.023138914063203 353.46779963616063  1.6690784610682297 1.9999999999999754 33.637377171874235 352.24709644196435  1.6690784610682421 2.0000000000000147 43.621393824219183 350.87127004799106  1.6690784610682332 1.9999999999999964 53.85192940624988 349.39202818750005  1.6690784610682385 2.0000000000000013 74.559519500000093 346.330129  1.6690784610682332 2.0000000000000009 95.267109593749979 343.26822981250001  1.6690784610682412 1.9999999999999944 105.49764517578112 341.78898795200894  1.6690784610682234 2.0000000000000075 115.48166182812517 340.41316155803571  1.6690784610682541 1.9999999999999956 125.09590008593734 339.19245836383931  1.6690784610682246 2.0000000000000044 134.21710048437518 338.17858610267859  1.6690784610682405 1.9999999999999909 146.97445509570295 337.04558571037944  1.6690784610682354 2.0000000000000098 158.06780693164086 336.61063971707586  1.6690784610682341 1.9999999999999596 161.56529424658086 336.54968278585386  1.6690784610682521 2.0000000000000715 164.84707749804878 336.57921438783467  1.6690784610682095 1.9999999999999374 167.89774925292778 336.70569798967665  1.6690784610682619 2.000000000000028 170.70190207812578 336.93559705803551  1.669078461068225 1.9999999999999842 174.51524177172811 337.44526406033771  1.6690784610682419 2.0000000000000044 177.70458042456053 338.21670146226279  1.6690784610682372 2.0000000000000027 178.69643393072573 338.50374079619502  1.6690784610682257 1.999999999999988 179.61510212963768 338.82148159674932  1.6690784610682547 2.0000000000000138 180.45865909216411 339.17073179725855  1.6690784610682226 1.9999999999999944 181.22517888915968 339.55229933105471  1.6690784610682412 2.000000000000004 182.60029229382383 340.38168493188482  1.6690784610682317 1.9999999999999911 183.65184960327059 341.34680333251958  1.6690784610682416 2.0000000000000391 184.09481330505693 341.86410366612  1.669078461068217 1.9999999999999425 184.45303612475067 342.41695306633676  1.6690784610682743 2.0000000000000422 184.72459213324484 343.00615946650032  1.6690784610681939 1.9999999999999813 184.90755540136422 343.63253079994422  1.6690784610682645 2.0000000000000058 185.00000000000085 344.296875  1.6690784610682272 1.9999999999999998 184.99999999999997 345  1.6690784610682365
 0 9 0.0625 6 0.125 6 0.25 6 0.5 6 0.75 6 0.875 6 0.9375 6 1 9
7 1 1  6 6 2  1.9999999999999998 184.99999999999997 345  1.6690784610682365 1.9999999999999967 188.32308615114209 345  1.0367296232096121 -2.1090963810962786 188.80022476649123 345  1.0383466998475064 -5.4982338420169219 185 344.99999999999994  0.85353433019614966 -2.1090963810962817 181.19977523350877 345  1.0383466998475068 1.9999999999999958 181.67691384885785 345  1.0367296232096115
 0 6 6.2831853071795862 6
1 1.5 -35.880960999999999 307.660258 0 0 1 
2 0 -35.880960999999999 347.660258 0 0 1 1 0 -0 -0 1 0 1.5
1 2 185 345 0 0 1 
2 0 185 435 0 0 1 1 0 -0 -0 1 0 2
7 1 0  8 51 9  1.4999999999999993 -35.880960999999999 347.66025800000006  1.6690784610682365 1.5000000000000058 -35.880961000000298 348.363383  1.6690784610682357 1.4999999999999813 -35.788516401366209 349.02772720005572  1.6690784610682365 1.5000000000000338 -35.605553133241756 349.65409853349973  1.6690784610682374 1.4999999999999603 -35.333997124753225 350.24330493366335  1.6690784610682357 1.5000000000000306 -34.975774305055666 350.79615433387988  1.6690784610682365 1.4999999999999873 -34.532810603270818 351.31345466748053  1.6690784610682354 1.5000000000000078 -33.481253293823542 352.27857306811529  1.6690784610682416 1.4999999999999953 -32.10613988916019 353.10795866894534  1.6690784610682281 1.5000000000000016 -31.339620092162136 353.48952620274139  1.6690784610682663 1.5000000000000029 -30.496063129640319 353.83877640325056  1.6690784610681961 1.4999999999999953 -29.577394930723568 354.15651720380498  1.6690784610682665 1.5000000000000004 -28.585541424561157 354.44355653773721  1.6690784610682279 1.5000000000000016 -25.396202771727673 355.21499393966235  1.6690784610682468 1.5000000000000002 -21.582863078126078 355.72466094196432  1.6690784610682246 1.4999999999999993 -18.778710252927638 355.95456001032358  1.6690784610682601 1.5000000000000022 -15.728038498048946 356.08104361216522  1.6690784610682092 1.4999999999999996 -12.446255246580876 356.11057521414619  1.6690784610682536 1.4999999999999991 -8.9487679316409015 356.04961828292414  1.6690784610682334 1.5000000000000064 2.1445839042971642 355.61467228962056  1.6690784610682368 1.4999999999999885 14.901938515624657 354.48167189732141  1.6690784610682394 1.5000000000000255 24.023138914063203 353.46779963616069  1.6690784610682297 1.4999999999999731 33.637377171874235 352.24709644196429  1.6690784610682421 1.5000000000000164 43.621393824219183 350.87127004799117  1.6690784610682332 1.4999999999999947 53.85192940624988 349.39202818750005  1.6690784610682385 1.5000000000000071 74.559519500000093 346.330129  1.6690784610682332 1.4999999999999905 95.267109593749979 343.26822981250001  1.6690784610682412 1.5000000000000255 105.49764517578112 341.78898795200888  1.6690784610682234 1.4999999999999662 115.48166182812517 340.41316155803571  1.6690784610682541 1.5000000000000273 125.09590008593734 339.19245836383931  1.6690784610682246 1.4999999999999876 134.21710048437518 338.17858610267859  1.6690784610682405 1.5000000000000087 146.97445509570295 337.04558571037944  1.6690784610682354 1.4999999999999958 158.06780693164086 336.61063971707586  1.6690784610682341 1.5000000000000102 161.56529424658086 336.5496827858538  1.6690784610682521 1.4999999999999918 164.84707749804878 336.57921438783478  1.6690784610682095 1.5000000000000051 167.89774925292778 336.70569798967648  1.6690784610682619 1.4999999999999984 170.70190207812578 336.93559705803568  1.669078461068225 1.5000000000000027 174.51524177172811 337.44526406033759  1.6690784610682419 1.4999999999999967 177.70458042456053 338.21670146226279  1.6690784610682372 1.5000000000000091 178.69643393072573 338.50374079619496  1.6690784610682257 1.4999999999999873 179.61510212963768 338.82148159674944  1.6690784610682547 1.5000000000000102 180.45865909216411 339.1707317972585  1.6690784610682226 1.4999999999999987 181.22517888915968 339.55229933105471  1.6690784610682412 1.4999999999999982 182.60029229382383 340.38168493188476  1.6690784610682317 1.500000000000002 183.65184960327059 341.34680333251958  1.6690784610682416 1.5000000000000029 184.09481330505693 341.86410366611995  1.669078461068217 1.499999999999992 184.45303612475067 342.41695306633682  1.6690784610682743 1.500000000000004 184.72459213324484 343.00615946650026  1.6690784610681939 1.4999999999999993 184.90755540136422 343.63253079994428  1.6690784610682645 1.5000000000000016 185.00000000000085 344.296875  1.6690784610682272 1.5 184.99999999999997 345  1.6690784610682365
 0 9 0.0625 6 0.125 6 0.25 6 0.5 6 0.75 6 0.875 6 0.9375 6 1 9
7 1 1  6 6 2  1.5 184.99999999999997 345  1.6690784610682365 1.4999999999999973 187.4923146133566 345  1.0367296232096121 -1.5818222858222089 187.85016857486841 345  1.0383466998475064 -4.1236753815126912 185 344.99999999999994  0.85353433019614966 -1.5818222858222108 182.14983142513159 345  1.0383466998475068 1.4999999999999967 182.5076853866434 345  1.0367296232096115
 0 6 6.2831853071795862 6
7 1 0  8 63 11  2 184.99999999999997 435  1.6690784610682365 1.9999999999998579 185.00009231467436 435.29519398887629  1.6690784610682456 2.0332293096057015 185.00736372755728 435.54481024887355  1.6690784610682032 2.0915785753345233 185.02002169836851 435.75549355174627  1.6690784610682954 2.1673700791558019 185.03637213262201 435.93832043545723  1.6690784610681793 2.2619339545754826 185.05670408362704 436.12028056534962  1.6690784610682687 2.3953862612690955 185.08524461345186 436.30938627822866  1.669078461068229 2.7574015995105294 185.16223774752854 436.70027043689942  1.6690784610682401 3.3351465041807273 185.28407322311341 437.10327761997553  1.6690784610682368 3.6841593066173743 185.3574193519697 437.30438664522842  1.6690784610682263 4.0947105304228444 185.44337769826552 437.49862569881253  1.6690784610682481 4.5653398889001551 185.54153608942599 437.68144222240761  1.6690784610682301 5.0937640574515228 185.65131875074616 437.85025606935955  1.6690784610682388 6.8467131966605166 186.01406573293261 438.30841541857183  1.6690784610682314 9.0841071174824037 186.47231478194442 438.61066405769344  1.6690784610682408 10.774712061843999 186.81613248668435 438.7328388096538  1.6690784610682252 12.650455884330171 187.19470862489962 438.77582395477572  1.6690784610682492 14.700826024944348 187.60518154633493 438.74117163210002  1.6690784610682257 16.917061419098928 188.04502822171671 438.63050609060065  1.6690784610682439 24.037392497497901 189.44508384703846 438.07892263743975  1.6690784610682199 32.50285790477183 191.06517795927041 436.89254196763841  1.6690784610682603 38.681902582105224 192.22372205281866 435.84142026613438  1.6690784610681766 45.341622910419616 193.44286850016476 434.5547318340553  1.6690784610683127 52.428805706692941 194.70331075089425 433.05694789127449  1.669078461068179 59.890526180864995 195.98519173118095 431.37242023003694  1.6690784610682579 71.938762845608522 197.97707300711878 428.51366648932338  1.6690784610682277 84.627901428185254 199.96457880637001 425.31837992200184  1.6690784610682341 89.191282489969893 200.66335345065528 424.14947633092481  1.6690784610682541 93.81816294027962 201.35418839302491 422.94671956571966  1.6690784610682132 98.499937318604552 202.03448803199862 421.71403784530668  1.6690784610682525 103.22797857410428 202.70186763276419 420.4553094209615  1.6690784610682299 112.41796373536035 203.95867032848966 417.98543569729401  1.6690784610682452 121.7170552424288 205.14373374771171 415.44883934825452  1.6690784610682274 126.21202559603529 205.6966254371732 414.21511991207444  1.6690784610682632 130.71828490055086 206.23029362570753 412.97187240607963  1.669078461068207 135.22901946479487 206.74260899007987 411.722237230318  1.6690784610682539 139.73749082038589 207.23103993011054 410.46944836221877  1.669078461068233 149.29215159615572 208.21161472758911 407.80945402730475  1.6690784610682352 158.77605051269671 209.05930792055111 405.16496335345653  1.6690784610682436 163.76426076452236 209.46768955192445 403.77460226908028  1.6690784610682075 168.71328534720308 209.83292182729235 402.39748838450134  1.6690784610682727 173.61345084739986 210.15198455315328 401.03808487739707  1.6690784610682163 178.45507741867993 210.42194669040035 399.70083296470625  1.6690784610682363 191.94265174273735 211.03801748079186 395.99740231974658  1.6690784610682492 204.80853451811004 211.21741806733229 392.54111628037373  1.6690784610682097 212.80317872958548 211.13033865304902 390.43885999457706  1.6690784610682978 220.42145801122615 210.82047053664667 388.49485290753307  1.6690784610681695 227.60476012059991 210.26855337807362 386.73642238609386  1.6690784610682774 234.29450318327264 209.45576320463931 385.19077889926069  1.669078461068227 243.50124405824221 207.8173163883998 383.23216984378246  1.669078461068233 251.33597157527214 205.50668146552371 381.87455016514815  1.6690784610682499 253.7878692371159 204.65937992615619 381.49218585057719  1.6690784610681724 256.07287380174415 203.73251828888365 381.18341628933598  1.6690784610683238 258.18381298189092 202.72360737643666 380.95165554373995  1.6690784610681804 260.11353138157449 201.6299778931469 380.80037750213222  1.6690784610682483 263.5959695339721 199.26745831845068 380.66597984035366  1.6690784610682392 266.29353328868768 196.54318226507706 380.88264853792163  1.6690784610682237 267.43835089108319 195.08780449047043 381.08244155444851  1.6690784610682781 268.37129926199748 193.53650888339388 381.37738779313452  1.6690784610681861 269.08309230067289 191.88702086677233 381.77143722407357  1.6690784610682747 269.56577788029784 190.13938433382222 382.26732405538269  1.6690784610682161 269.81266878057045 188.29204702607188 382.86799494458432  1.6690784610682428 269.81708873188461 186.34307499418156 383.57653794540619  1.6690784610682365
 0 9 0.043749999999999997 6 0.087499999999999994 6 0.17499999999999999 6 0.34999999999999998 6 0.44587906906223113 6 0.53488718332662721 6 0.63488718332662719 6 0.8174435916633136 6 0.9087217958316568 6 1 9
7 1 1  6 6 2  269.81708873188461 186.34307499418156 383.57653794540619  1.6690784610682365 273.09023186869194 186.14676747631182 383.03718747278998  1.0367296232096121 274.26992430663472 187.50285297940144 386.76300177137847  1.0383466998475064 271.11218671483294 188.86907915836355 390.51667734794461  0.85353433019614966 266.78370273606794 187.95184085231622 387.99658581382067  1.0383466998475068 266.54394559507728 186.53938251205128 384.11588841802234  1.0367296232096115
 0 6 6.2831853071795862 6
1 1.5 185 345 0 0 1 
2 0 185 435 0 0 1 1 0 -0 -0 1 0 1.5
1 269.81708873188472 186.34307499418151 383.57653794540624 0 -0.93969262078590787 0.34202014332567021 
2 270.16252954107665 171.98175283421565 390.89999999999617 0 -0.93969262078590787 0.34202014332567021 -0.17272040459596832 -0.33687988630434013 -0.92556988068961044 0.98497089390306614 -0.059073857535180851 -0.16230408965798787 2.0000000000000004
7 1 0  8 63 11  1.5 184.99999999999997 435  1.6690784610682365 1.5 185.0000692360058 435.34444236665718  1.6690784610682456 1.5387730884546047 185.00851685385217 435.64803160230775  1.6690784610682032 1.6100352549546528 185.02393370728095 435.91584501062994  1.6690784610682954 1.7078262156740893 185.04498448437755 436.15628371996019  1.6690784610681793 1.8329415754453464 185.07182123407762 436.38968370416728  1.6690784610682687 2.0002663837251475 185.10754951188142 436.62214794071951  1.669078461068229 2.4319313034325774 185.19928082919262 437.08417854344333  1.6690784610682401 3.0759499357757534 185.33506635020561 437.53087147379455  1.6690784610682368 3.455501653681381 185.41482127485426 437.74790825394962  1.6690784610682263 3.8934423314604483 185.50651149237774 437.95387251991087  1.6690784610682481 4.3884747588090818 185.60976313229676 438.14544357779886  1.6690784610682301 4.9386844469618723 185.72407962253379 438.32078004248854  1.6690784610682388 6.7499584604630058 186.09892406186341 438.79366121026158  1.6690784610682314 9.027410524087415 186.56534954172182 439.09970312154735  1.6690784610682408 10.739061335925584 186.91338934969184 439.22280706175502  1.6690784610682252 12.632043032201679 187.29533078839512 439.26583785067692  1.6690784610682492 14.696855230503189 187.70850969175115 439.23070939150182  1.6690784610682257 16.925311170012264 188.1505158594162 439.11938966986071  1.6690784610682439 24.077284176426375 189.5557581231738 438.5654457351153  1.6690784610682199 32.56222381576876 191.17787908075647 437.37626813304786  1.6690784610682603 38.751524852201655 192.33705500769798 436.32360351285905  1.6690784610681766 45.41952873354397 193.55644021405274 435.0355336250563  1.6690784610683127 52.513397873363019 194.81741135989813 433.53641027578078  1.669078461068179 59.980510979944697 196.10093221275491 431.85049570044947  1.6690784610682579 72.035420176527879 198.0970333836417 428.98936880347122  1.6690784610682277 84.730300207351235 200.08550146566813 425.79261556425348  1.6690784610682341 89.29554604497568 200.78456848707876 424.62323110472295  1.6690784610682541 93.924121364712647 201.47577271305889 423.42000273846185  1.6690784610682132 98.607445996491023 202.15648601919256 422.18686311825417  1.6690784610682525 103.33692357749251 202.82423843106471 420.9277074211509  1.6690784610682299 112.52948177848123 204.0816712535227 418.4570696000568  1.6690784610682452 121.83064521558161 205.26806923076515 415.91962661421371  1.6690784610682274 126.326561701759 205.82148421562326 414.68553669049942  1.6690784610682632 130.8337493860956 206.35539208057682 413.44199640726498  1.669078461068207 135.34539869915801 206.8676391238962 412.19215493190308  1.6690784610682539 139.85475315668006 207.35579300870333 410.93922236141884  1.669078461068233 149.41116406350085 208.33569306265883 408.27896680518757  1.6690784610682352 158.89646571026975 209.18317503293349 405.63417337661502  1.6690784610682436 163.8853342953619 209.59153088595264 404.24364961234323  1.6690784610682075 168.83494007823199 209.95680907164402 402.86637304757284  1.6690784610682727 173.73561583343044 210.27597132728778 401.50681029891001  1.6690784610682163 178.57768951069306 210.54604625595749 400.16941151241031  1.6690784610682363 192.06636958316545 211.16228564125441 396.46564588241574  1.6690784610682492 204.93291931502279 211.34078092852207 393.00942249005095  1.6690784610682097 212.92772063133361 211.25314184688122 390.9072710362675  1.6690784610682978 220.54583551473399 210.94298579349606 388.96338276476712  1.6690784610681695 227.72862909982553 210.39116384375581 387.20506264841941  1.6690784610682774 234.41748929719355 209.57885434856954 385.65952798670725  1.669078461068227 243.62221462455344 207.94163925791483 383.70112506483412  1.669078461068233 251.45342012627611 205.63324280953023 382.34379584241407  1.6690784610682499 253.90394999939673 204.78681191337074 381.96153915150626  1.6690784610681724 256.18736226124599 203.8609749955279 381.65288440606435  1.6690784610683238 258.29644323592538 202.85327721435306 381.42124333379081  1.6690784610681804 260.22399191600289 201.76112863939852 381.27007253190948  1.6690784610682483 263.70143795152262 199.40238638471297 381.13576859095934  1.6690784610682392 266.39308566817738 196.68397563885566 381.35200683685451  1.6690784610682237 267.534816229684 195.2321647132496 381.55138174590905  1.6690784610682781 268.46469031653322 193.68515171285685 381.84563453785023  1.6690784610681861 269.17390889270865 192.04064274617491 382.23857887121324  1.6690784610682747 269.65467340265559 190.29808277441902 382.73311658305369  1.6690784610682161 269.90013397069669 188.4557196450391 383.3323088474786  1.6690784610682428 269.90344893418251 186.51151493733371 384.03932288575101  1.6690784610682365
 0 9 0.043749999999999997 6 0.087499999999999994 6 0.17499999999999999 6 0.34999999999999998 6 0.44587906906223113 6 0.53488718332662721 6 0.63488718332662719 6 0.8174435916633136 6 0.9087217958316568 6 1 9
7 1 1  6 6 2  269.90344893418251 186.51151493733371 384.03932288575101  1.6690784610682365 272.35830628678809 186.36428429893144 383.63481003128885  1.0367296232096121 273.24307561524523 187.38134842624865 386.42917075523025  1.0383466998475064 270.8747724213938 188.40601806047022 389.24442743765479  0.85353433019614966 267.6284094373201 187.71808933093473 387.35435878706187  1.0383466998475068 267.44859158157703 186.65874557573602 384.4438357402131  1.0367296232096115
 0 6 6.2831853071795862 6
2 270.16252954107665 171.98175283421565 390.89999999999617 0 -0.93969262078590787 0.34202014332567021 -0.17272040459596832 -0.33687988630434013 -0.92556988068961044 0.98497089390306614 -0.059073857535180851 -0.16230408965798787 1.5000000000000004
1 269.90344893418268 186.51151493733369 384.03932288575106 0 -0.93969262078590787 0.34202014332567021 
Polygon3D 0
PolygonOnTriangulations 0
Surfaces 14
10 0 6.2831853071795862 0 40
2 0 -35.880960999999999 307.660258 0 0 1 1 0 -0 -0 1 0 2
1 1.7093001656742801e-16 -35.880960999999999 307.660258 0 0 1 1 0 -0 -0 1 0 
9 1 1 1 0 6 8 6 51 2 9 1.9999999999999998 -35.880960999999999 347.660258  1.6690784610682365 2.0000000000000027 -35.880961000000298 348.363383  1.6690784610682357 1.9999999999999944 -35.788516401366209 349.02772720005578  1.6690784610682365 2.0000000000000049 -35.605553133241756 349.65409853349962  1.6690784610682374 1.9999999999999989 -35.333997124753225 350.24330493366347  1.6690784610682357 1.9999999999999956 -34.975774305055666 350.79615433387977  1.6690784610682365 2.0000000000000044 -34.532810603270818 351.31345466748047  1.6690784610682354 1.9999999999999916 -33.481253293823542 352.27857306811524  1.6690784610682416 2.0000000000000098 -32.10613988916019 353.1079586689454  1.6690784610682281 1.9999999999999651 -31.339620092162136 353.48952620274122  1.6690784610682663 2.0000000000000515 -30.496063129640319 353.83877640325079  1.6690784610681961 1.9999999999999603 -29.577394930723571 354.15651720380487  1.6690784610682665 2.0000000000000102 -28.585541424561157 354.44355653773721  1.6690784610682279 1.9999999999999933 -25.396202771727673 355.21499393966235  1.6690784610682468 2.0000000000000049 -21.582863078126081 355.72466094196443  1.6690784610682246 1.9999999999999947 -18.778710252927638 355.95456001032341  1.6690784610682601 2.0000000000000044 -15.728038498048946 356.08104361216539  1.6690784610682092 1.9999999999999989 -12.446255246580876 356.11057521414602  1.6690784610682536 2.0000000000000004 -8.9487679316409015 356.04961828292414  1.6690784610682334 2.0000000000000022 2.1445839042971642 355.6146722896205  1.6690784610682368 1.999999999999992 14.901938515624657 354.48167189732146  1.6690784610682394 2.0000000000000218 24.023138914063203 353.46779963616063  1.6690784610682297 1.9999999999999754 33.637377171874235 352.24709644196435  1.6690784610682421 2.0000000000000147 43.62139382421919 350.87127004799106  1.6690784610682332 1.9999999999999964 53.85192940624988 349.39202818749999  1.6690784610682385 2.0000000000000013 74.559519500000093 346.330129  1.6690784610682332 2.0000000000000009 95.267109593749979 343.26822981250001  1.6690784610682412 1.9999999999999944 105.49764517578112 341.78898795200894  1.6690784610682234 2.0000000000000075 115.48166182812517 340.41316155803571  1.6690784610682541 1.9999999999999956 125.09590008593733 339.19245836383931  1.6690784610682246 2.0000000000000044 134.21710048437518 338.17858610267854  1.6690784610682405 1.9999999999999909 146.97445509570295 337.04558571037944  1.6690784610682354 2.0000000000000098 158.06780693164086 336.61063971707586  1.6690784610682341 1.9999999999999596 161.56529424658089 336.54968278585386  1.6690784610682521 2.0000000000000715 164.8470774980488 336.57921438783467  1.6690784610682095 1.9999999999999374 167.89774925292778 336.70569798967665  1.6690784610682619 2.000000000000028 170.70190207812578 336.93559705803557  1.669078461068225 1.9999999999999842 174.51524177172811 337.44526406033765  1.6690784610682419 2.0000000000000044 177.70458042456053 338.21670146226279  1.6690784610682372 2.0000000000000027 178.69643393072573 338.50374079619502  1.6690784610682257 1.999999999999988 179.61510212963768 338.82148159674938  1.6690784610682547 2.0000000000000138 180.45865909216411 339.17073179725855  1.6690784610682226 1.9999999999999944 181.22517888915968 339.55229933105471  1.6690784610682412 2.000000000000004 182.60029229382386 340.38168493188482  1.6690784610682317 1.9999999999999911 183.65184960327059 341.34680333251958  1.6690784610682416 2.0000000000000391 184.09481330505696 341.86410366612  1.669078461068217 1.9999999999999425 184.45303612475067 342.41695306633676  1.6690784610682743 2.0000000000000422 184.72459213324484 343.00615946650032  1.6690784610681939 1.9999999999999813 184.90755540136422 343.63253079994422  1.6690784610682645 2.0000000000000058 185.00000000000085 344.296875  1.6690784610682272 1.9999999999999998 185 345  1.6690784610682365 
1.9999999999999953 -32.557874848857892 347.660258  1.0367296232096121 1.9999999999999918 -32.557874848858233 347.98108796742184  1.036729623209615 2.0000000000000102 -32.515693163427542 348.22779293149222  1.0367296232095999 1.9999999999999645 -32.448613369776709 348.41907391630519  1.0367296232096357 2.0000000000000355 -32.374069045638649 348.58736870177586  1.0367296232095837 1.9999999999999636 -32.262940866070593 348.79608363864281  1.036729623209633 2.0000000000000049 -32.074567629036082 349.03439770864242  1.0367296232096055 1.9999999999999918 -31.520701016625168 349.55929243775097  1.036729623209615 1.9999999999999909 -30.582136616400007 350.13803876241678  1.0367296232096128 2.0000000000000178 -30.009718459351319 350.43047916546539  1.0367296232096053 1.9999999999999636 -29.33666148195978 350.71455327635687  1.0367296232096224 2.0000000000000182 -28.567912627594737 350.98361055740338  1.0367296232096057 1.9999999999999885 -27.708286585287183 351.23437964566659  1.0367296232096137 2.0000000000000084 -24.870145054882428 351.92321492788312  1.036729623209611 1.9999999999999769 -21.2916138709531 352.40934552732824  1.0367296232096121 2.0000000000000404 -18.610110213535947 352.63184438598415  1.036729623209613 1.9999999999999358 -15.658889375451992 352.75587477935409  1.0367296232096117 2.0000000000000435 -12.459351638156789 352.78599483051386  1.0367296232096113 1.9999999999999807 -9.0306551508034687 352.72663223264749  1.0367296232096137 2.000000000000008 1.8875941539133549 352.29914059319361  1.0367296232096077 1.9999999999999853 14.54602810362293 351.17697408103652  1.0367296232096188 2.0000000000000044 23.619185279157435 350.16880562293693  1.0367296232095973 1.9999999999999909 33.198800679324961 348.95273776695245  1.0367296232096299 1.9999999999999991 43.158821030743923 347.58052394001174  1.036729623209599 1.9999999999999913 53.373653240370373 346.10353070609608  1.0367296232096166 2.0000000000000013 74.065638573345083 343.04393889497942  1.0367296232096095 1.9999999999999909 94.78883342787023 339.97973233109605  1.0367296232096133 2.0000000000000107 105.03507238230694 338.49824184402962  1.0367296232096126 1.9999999999999722 115.04308533557389 337.11880288302382  1.0367296232096102 2.0000000000000244 124.69194645103369 335.89346435061555  1.0367296232096148 1.9999999999999816 133.86119007237232 334.87388828639365  1.0367296232096097 2.0000000000000075 146.71746534532008 333.73005401395244  1.0367296232096144 1.9999999999999842 157.98591971247748 333.28765366679926  1.0367296232096097 2.0000000000000409 161.55219785500782 333.2251024022213  1.0367296232096215 1.9999999999999452 164.91622662064134 333.25404555502382  1.0367296232095973 2.0000000000000373 168.06634929232357 333.38298236533689  1.0367296232096255 1.9999999999999807 170.99315128529673 333.62028164339961  1.0367296232096062 2.0000000000000022 175.04129948857459 334.15348504855831  1.0367296232096166 1.9999999999999973 178.58183526383397 335.00752457019223  1.0367296232096095 1.9999999999999811 179.70591623385513 335.33083414979336  1.0367296232096228 2.0000000000000258 180.77450377731805 335.69725846985563  1.0367296232095944 1.9999999999999751 181.7885607249745 336.11168475998255  1.0367296232096264 2.000000000000004 182.74918216192043 336.58237942452615  1.0367296232096077 1.9999999999999913 184.56084457102108 337.66240430152055  1.0367296232096157 1.999999999999994 186.1100925775072 339.06774637368147  1.0367296232096097 2.0000000000000182 186.80764674403599 339.86403297088316  1.0367296232096177 1.999999999999958 187.41296420387425 340.76101683444898  1.0367296232096059 2.0000000000000231 187.881531896702 341.77113484930607  1.0367296232096161 1.9999999999999858 188.18037863930704 342.8325965313806  1.0367296232096104 1.9999999999999991 188.32308615114187 343.91457996742184  1.0367296232096126 1.9999999999999967 188.32308615114209 345  1.0367296232096121 
-2.1090963810962799 -32.080736233508787 347.660258  1.0383466998475064 -2.109096381096272 -32.080736233508802 347.92619690706323  1.038346699847507 -2.1090963810963119 -32.045771446985341 348.11293598469246  1.0383466998475022 -2.1090963810962204 -31.995330548034417 348.24174540029082  1.0383466998475142 -2.1090963810963488 -31.949073748807351 348.34960444143064  1.0383466998474982 -2.1090963810962333 -31.873424154231756 348.50890752622183  1.038346699847511 -2.1090963810962906 -31.721605775033254 348.70716391686477  1.0383466998475057 -2.1090963810962733 -31.239199076466093 349.16885001895554  1.0383466998475077 -2.1090963810962826 -30.363315683604682 349.71160880922042  1.0383466998475044 -2.1090963810962862 -29.818767218615776 349.99125207315791  1.038346699847513 -2.1090963810962684 -29.170191137333006 350.26596800681898  1.0383466998474964 -2.1090963810962866 -28.422968149351291 350.52803516301407  1.0383466998475146 -2.1090963810962804 -27.582327720460427 350.77359646128644  1.0383466998475042 -2.1090963810962831 -24.794612119775479 351.45057148492702  1.0383466998475062 -2.1090963810962768 -21.24979544160405 351.93332265749046  1.038346699847509 -2.1090963810962928 -18.585902117301416 352.15475897197797  1.0383466998474982 -2.1090963810962604 -15.648960738303344 352.27843712636263  1.038346699847517 -2.1090963810962986 -12.461232057098002 352.30864166880957  1.0383466998474991 -2.1090963810962728 -9.0424127618280892 352.24950799007911  1.0383466998475088 -2.1090963810962906 1.8506947994942209 351.82308666897154  1.0383466998475028 -2.1090963810962662 14.494925425736142 350.70247571762002  1.0383466998475106 -2.1090963810963137 23.561184412115097 349.6951262285661  1.0383466998474962 -2.1090963810962307 33.135828559174449 348.47972392825966  1.0383466998475224 -2.1090963810963195 43.092403450176207 347.10802880446244  1.0383466998474926 -2.109096381096268 53.304980922782796 345.63135843505313  1.0383466998475124 -2.1090963810962835 73.994725677689189 342.57209792391569  1.0383466998475019 -2.1090963810962777 94.720161110282504 339.50756006005309  1.0383466998475095 -2.1090963810962675 104.96865480173972 338.02574670848037  1.0383466998475011 -2.1090963810963013 114.98011321542285 336.64578904433085  1.0383466998475099 -2.1090963810962622 124.6339455839915 335.41978495624488  1.0383466998475059 -2.1090963810962866 133.81008739448555 334.39938992297698  1.0383466998475055 -2.1090963810962693 146.68056599090093 333.25400008973054  1.0383466998475079 -2.1090963810962853 157.97416210145292 332.81052942423082  1.0383466998475044 -2.1090963810962609 161.55031743606696 332.74774924051718  1.0383466998475126 -2.1090963810963093 164.92615525778871 332.7766079020322  1.0383466998474991 -2.1090963810962564 168.09055738855966 332.90589695133087  1.0383466998475113 -2.1090963810962866 171.03496971464489 333.14425877356177  1.0383466998475064 -2.1090963810962728 175.11683242368258 333.68084160560221  1.0383466998475037 -2.1090963810962817 178.70779412866 334.54674138581208  1.0383466998475097 -2.1090963810962773 179.85086071210128 334.87525875540393  1.0383466998474937 -2.1090963810962671 180.94097412194088 335.24867320031785  1.0383466998475246 -2.1090963810962999 181.97951196571313 335.67245766767502  1.0383466998474922 -2.1090963810962657 182.96800309471462 336.15594947132985  1.0383466998475122 -2.1090963810962928 184.8423465111812 337.27196188272501  1.0383466998475002 -2.1090963810962573 186.46305443150899 338.74051258190389  1.038346699847513 -2.1090963810963492 187.19716345587744 339.57685685846218  1.0383466998474888 -2.1090963810961725 187.83795950070203 340.52325257410359  1.0383466998475297 -2.1090963810963625 188.33481471844706 341.59380633329175  1.038346699847488 -2.1090963810962351 188.6503003557479 342.71773958458084  1.0383466998475164 -2.1090963810962924 188.80022476649168 343.85968890706323  1.0383466998475028 -2.1090963810962786 188.80022476649123 345  1.0383466998475064 
-5.4982338420169219 -35.880960999999999 347.660258  0.85353433019614966 -5.4982338420169441 -35.880961000000426 348.363383  0.85353433019614666 -5.4982338420168455 -35.788516401365811 349.02772720005578  0.85353433019615843 -5.4982338420170596 -35.605553133242438 349.65409853349962  0.85353433019613456 -5.4982338420167691 -35.333997124752997 350.24330493366347  0.8535343301961632 -5.4982338420170196 -34.975774305055467 350.79615433387971  0.85353433019614333 -5.4982338420168997 -34.532810603271088 351.31345466748053  0.85353433019614999 -5.4982338420169103 -33.481253293823301 352.27857306811524  0.85353433019615177 -5.4982338420169636 -32.106139889160346 353.1079586689454  0.85353433019614533 -5.4982338420167975 -31.339620092162662 353.48952620274133  0.85353433019616076 -5.4982338420170782 -30.496063129638969 353.83877640325062  0.853534330196137 -5.4982338420168144 -29.577394930725077 354.15651720380498  0.8535343301961571 -5.4982338420169539 -28.585541424560489 354.44355653773721  0.85353433019614788 -5.4982338420168899 -25.396202771728568 355.21499393966241  0.85353433019615199 -5.4982338420169539 -21.582863078124916 355.72466094196432  0.853534330196147 -5.4982338420168588 -18.77871025292967 355.95456001032358  0.85353433019615632 -5.4982338420170009 -15.728038498046999 356.08104361216522  0.85353433019613867 -5.4982338420168704 -12.446255246582098 356.11057521414614  0.85353433019615876 -5.4982338420169397 -8.9487679316405888 356.04961828292414  0.85353433019614655 -5.4982338420168837 2.1445839042970221 355.6146722896205  0.85353433019615532 -5.4982338420169814 14.901938515624593 354.48167189732152  0.85353433019614122 -5.4982338420167842 24.023138914063445 353.46779963616046  0.85353433019617053 -5.4982338420170853 33.6373771718741 352.24709644196452  0.85353433019612246 -5.498233842016802 43.621393824219155 350.871270047991  0.85353433019617009 -5.4982338420169636 53.851929406249944 349.39202818750005  0.85353433019614322 -5.4982338420168979 74.559519499999922 346.330129  0.85353433019615355 -5.4982338420169246 95.267109593750135 343.26822981250001  0.85353433019614811 -5.4982338420169246 105.49764517578076 341.78898795200888  0.85353433019615133 -5.4982338420169077 115.4816618281256 340.41316155803577  0.85353433019614877 -5.498233842016953 125.09590008593707 339.19245836383925  0.85353433019614966 -5.4982338420169032 134.21710048437524 338.17858610267854  0.85353433019614966 -5.4982338420169308 146.97445509570298 337.04558571037944  0.85353433019614977 -5.4982338420169095 158.06780693164058 336.61063971707586  0.85353433019614966 -5.4982338420169574 161.56529424658265 336.54968278585375  0.85353433019614899 -5.4982338420168979 164.84707749804585 336.5792143878349  0.85353433019615144 -5.498233842016945 167.89774925293051 336.70569798967637  0.85353433019614688 -5.4982338420169068 170.70190207812453 336.93559705803568  0.85353433019615166 -5.4982338420169361 174.51524177172882 337.44526406033759  0.85353433019614755 -5.4982338420169095 177.70458042456045 338.21670146226285  0.85353433019615188 -5.4982338420169548 178.69643393072545 338.5037407961949  0.85353433019614211 -5.4982338420168864 179.61510212963842 338.82148159674955  0.85353433019615887 -5.4982338420169494 180.45865909216326 339.17073179725844  0.85353433019614411 -5.4982338420169157 181.22517888916013 339.55229933105477  0.85353433019615066 -5.4982338420169148 182.60029229382314 340.38168493188482  0.85353433019615021 -5.4982338420169299 183.65184960327156 341.34680333251953  0.85353433019614766 -5.4982338420169121 184.09481330505321 341.86410366612012  0.85353433019615821 -5.4982338420169441 184.45303612475709 342.41695306633653  0.85353433019613467 -5.4982338420168659 184.72459213323845 343.00615946650055  0.8535343301961642 -5.4982338420169716 184.90755540136809 343.63253079994411  0.853534330196141 -5.498233842016905 184.99999999999966 344.296875  0.85353433019615232 -5.4982338420169219 185 345  0.85353433019614966 
-2.1090963810962804 -39.68118576649124 347.660258  1.0383466998475068 -2.1090963810962702 -39.681185766491069 348.80056909293677  1.0383466998475097 -2.1090963810963164 -39.531261355749507 349.9425184154191  1.0383466998474968 -2.109096381096216 -39.215775718444533 351.06645166670836  1.0383466998475246 -2.1090963810963506 -38.71892050070484 352.1370054258964  1.0383466998474875 -2.1090963810962355 -38.078124455875511 353.08340114153771  1.038346699847519 -2.1090963810962906 -37.344015431509533 353.91974541809617  1.0383466998475039 -2.1090963810962773 -35.72330751118092 355.38829611727505  1.0383466998475084 -2.1090963810962751 -33.848964094714745 356.50430852867021  1.038346699847507 -2.1090963810963119 -32.860472965713043 356.98780033232492  1.0383466998475031 -2.1090963810962413 -31.821935121940911 357.41158479968209  1.0383466998475113 -2.1090963810963008 -30.731821712101194 357.78499924459607  1.0383466998475048 -2.1090963810962791 -29.588755128660026 358.11351661418792  1.0383466998475073 -2.1090963810962817 -25.997793423682694 358.97941639439779  1.0383466998475055 -2.1090963810962831 -21.91593071464456 359.51599922643811  1.0383466998475088 -2.1090963810962746 -18.971518388560924 359.75436104866941  1.0383466998475017 -2.1090963810962884 -15.807116257786859 359.88365009796752  1.038346699847513 -2.109096381096276 -12.43127843606851 359.91250875948282  1.0383466998475028 -2.1090963810962799 -8.8551231014524632 359.84972857576918  1.0383466998475086 -2.1090963810962831 2.4384730090989137 359.40625791026957  1.0383466998475051 -2.1090963810962755 15.308951605514153 358.26086807702296  1.0383466998475086 -2.1090963810962959 24.485093416009505 357.24047304375512  1.0383466998475024 -2.1090963810962644 34.138925784576102 356.0144689556688  1.0383466998475128 -2.1090963810962879 44.150384198260809 354.63451129152003  1.0383466998475013 -2.1090963810962813 54.398877889717355 353.15269793994685  1.0383466998475093 -2.1090963810962737 75.124313322310812 350.08816007608436  1.0383466998475064 -2.1090963810962968 95.814058077217481 347.02889956494687  1.0383466998475055 -2.1090963810962364 106.02663554982256 345.55222919553779  1.0383466998475124 -2.1090963810963395 115.98321044082726 344.18053407174023  1.0383466998474997 -2.1090963810962431 125.55785458788358 342.96513177143385  1.0383466998475122 -2.109096381096295 134.62411357426456 341.95778228238004  1.0383466998475046 -2.1090963810962791 147.26834420050506 340.83717133102851  1.0383466998475086 -2.1090963810962755 158.16145176182874 340.41075000992095  1.0383466998475051 -2.1090963810963075 161.58027105709596 340.35161633119037  1.0383466998475133 -2.1090963810962462 164.76799973830609 340.38182087363725  1.0383466998474991 -2.1090963810963164 167.7049411172992 340.50549902802214  1.0383466998475113 -2.1090963810962604 170.36883444160469 340.72693534250953  1.0383466998475077 -2.109096381096295 173.91365111977524 341.20968651507297  1.0383466998475037 -2.109096381096276 176.70136672046038 341.88666153871355  1.0383466998475097 -2.1090963810962906 177.54200714935169 342.13222283698593  1.0383466998474984 -2.1090963810962688 178.28923013733245 342.39428999318108  1.0383466998475177 -2.1090963810962986 178.93780621861646 342.66900592684192  1.0383466998474982 -2.1090963810962724 179.4823546836044 342.94864919077963  1.0383466998475108 -2.1090963810962915 180.35823807646636 343.49140798104452  1.0383466998475017 -2.1090963810962666 180.84064477503284 343.95309408313528  1.038346699847513 -2.1090963810963306 180.99246315423321 344.15135047377788  1.038346699847488 -2.1090963810962191 181.06811274880573 344.3106535585697  1.038346699847533 -2.1090963810963155 181.11436954803543 344.41851259970906  1.0383466998474857 -2.109096381096272 181.16481044698494 344.5473220153076  1.0383466998475179 -2.1090963810962844 181.19977523350889 344.73406109293677  1.0383466998475033 -2.1090963810962817 181.19977523350877 345  1.0383466998475068 
1.9999999999999969 -39.20404715114212 347.660258  1.0367296232096115 1.9999999999999927 -39.204047151141779 348.74567803257816  1.0367296232096148 2.0000000000000098 -39.061339639307363 349.82766146861945  1.036729623209599 1.9999999999999789 -38.762492896701545 350.88912315069382  1.0367296232096337 2.0000000000000107 -38.293925203874622 351.8992411655513  1.0367296232095859 1.9999999999999936 -37.688607744035622 352.7962250291165  1.0367296232096295 1.9999999999999949 -36.99105357750733 353.59251162631864  1.0367296232096057 1.9999999999999996 -35.44180557102122 354.9978536984795  1.0367296232096146 1.9999999999999909 -33.630143161920216 356.0778785754739  1.0367296232096115 2.0000000000000195 -32.669521724975723 356.54857324001745  1.0367296232096062 1.9999999999999658 -31.655464777316098 356.9629995301442  1.036729623209621 2.0000000000000195 -30.586877233856285 357.32942385020669  1.0367296232096048 1.9999999999999902 -29.462796263833795 357.65273342980782  1.0367296232096126 2.0000000000000071 -25.922260488574693 358.50677295144169  1.0367296232096126 1.9999999999999847 -21.874112285296917 359.03997635660045  1.0367296232096075 2.0000000000000262 -18.947310292323337 359.27727563466294  1.0367296232096221 1.9999999999999571 -15.797187620641481 359.40621244497629  1.0367296232095995 2.0000000000000258 -12.433158855007832 359.43515559777859  1.0367296232096186 1.9999999999999922 -8.8668807124774958 359.37260433320074  1.0367296232096102 1.9999999999999902 2.4015736546798934 358.93020398604756  1.0367296232096135 2.0000000000000173 15.257848927627656 357.78636971360629  1.0367296232096088 1.9999999999999369 24.427092548966364 356.76679364938457  1.0367296232096173 2.0000000000000795 34.075953664426429 355.54145511697595  1.0367296232096062 1.9999999999999327 44.083966617692539 354.1620161559706  1.0367296232096128 2.0000000000000204 54.330205572129884 352.6805256689039  1.0367296232096117 1.9999999999999802 75.053400426654889 349.61631910502058  1.0367296232096113 2.0000000000000013 95.745385759629684 346.55672729390392  1.0367296232096119 1.9999999999999936 105.96021796925581 345.07973405998825  1.0367296232096108 1.9999999999999907 115.9202383206754 343.70752023304755  1.0367296232096113 2.0000000000000062 125.4998537208422 342.49145237706307  1.0367296232096128 1.9999999999999867 134.57301089637738 341.48328391896342  1.0367296232096102 2.0000000000000049 147.23144484608639 340.36111740680644  1.0367296232096115 1.9999999999999858 158.14969415080355 339.93362576735251  1.0367296232096119 2.0000000000000195 161.57839063815663 339.8742631694862  1.036729623209615 1.9999999999999782 164.77792837545232 339.90438322064585  1.0367296232096019 2.0000000000000044 167.72914921353549 340.02841361401596  1.036729623209621 1.9999999999999958 170.41065287095336 340.25091247267176  1.0367296232096077 1.9999999999999907 173.98918405488212 340.73704307211693  1.0367296232096135 2.0000000000000022 176.8273255852875 341.42587835433341  1.036729623209611 1.9999999999999696 177.68695162759306 341.67664744259662  1.0367296232096135 2.0000000000000302 178.45570048196308 341.94570472364313  1.0367296232096073 1.999999999999976 179.12875745934875 342.2297788345345  1.0367296232096144 2.0000000000000009 179.7011756164008 342.52221923758333  1.0367296232096115 1.9999999999999913 180.63974001662439 343.10096556224903  1.036729623209611 1.9999999999999936 181.19360662903645 343.6258602913577  1.0367296232096124 2.0000000000000169 181.38197986606974 343.8641743613569  1.0367296232096079 1.9999999999999571 181.49310804564004 344.07288929822431  1.036729623209619 2.0000000000000226 181.56765236977535 344.24118408369475  1.0367296232096024 1.9999999999999833 181.6347321634284 344.43246506850778  1.0367296232096179 1.9999999999999991 181.67691384885785 344.67917003257816  1.0367296232096093 1.9999999999999958 181.67691384885785 345  1.0367296232096115 

0 6
6.2831853071795862 6

0 9
0.0625 6
0.125 6
0.25 6
0.5 6
0.75 6
0.875 6
0.9375 6
1 9

10 0 6.2831853071795862 0 40
2 0 -35.880960999999999 307.660258 0 0 1 1 0 -0 -0 1 0 1.5
1 -1.1395334437828526e-16 -35.880961000000006 307.66025800000006 0 0 1 1 0 -0 -0 1 0 
10 0 6.2831853071795862 0 90
2 0 185 345 0 0 1 1 0 -0 -0 1 0 2
9 1 1 1 0 6 8 6 51 2 9 1.4999999999999993 -35.880960999999999 347.660258  1.6690784610682365 1.5000000000000058 -35.880961000000298 348.363383  1.6690784610682357 1.4999999999999813 -35.788516401366209 349.02772720005572  1.6690784610682365 1.5000000000000338 -35.605553133241756 349.65409853349973  1.6690784610682374 1.4999999999999603 -35.333997124753225 350.24330493366335  1.6690784610682357 1.5000000000000306 -34.975774305055666 350.79615433387988  1.6690784610682365 1.4999999999999873 -34.532810603270818 351.31345466748047  1.6690784610682354 1.5000000000000078 -33.481253293823542 352.27857306811529  1.6690784610682416 1.4999999999999953 -32.10613988916019 353.10795866894534  1.6690784610682281 1.5000000000000016 -31.339620092162136 353.48952620274133  1.6690784610682663 1.5000000000000029 -30.496063129640319 353.83877640325062  1.6690784610681961 1.4999999999999953 -29.577394930723571 354.15651720380498  1.6690784610682665 1.5000000000000004 -28.585541424561157 354.44355653773721  1.6690784610682279 1.5000000000000016 -25.396202771727673 355.21499393966235  1.6690784610682468 1.5000000000000002 -21.582863078126081 355.72466094196432  1.6690784610682246 1.4999999999999993 -18.778710252927638 355.95456001032358  1.6690784610682601 1.5000000000000022 -15.728038498048946 356.08104361216522  1.6690784610682092 1.4999999999999996 -12.446255246580876 356.11057521414619  1.6690784610682536 1.4999999999999991 -8.9487679316409015 356.04961828292414  1.6690784610682334 1.5000000000000064 2.1445839042971642 355.61467228962056  1.6690784610682368 1.4999999999999885 14.901938515624657 354.48167189732141  1.6690784610682394 1.5000000000000255 24.023138914063203 353.46779963616069  1.6690784610682297 1.4999999999999731 33.637377171874235 352.24709644196429  1.6690784610682421 1.5000000000000164 43.62139382421919 350.87127004799112  1.6690784610682332 1.4999999999999947 53.85192940624988 349.39202818749999  1.6690784610682385 1.5000000000000071 74.559519500000093 346.330129  1.6690784610682332 1.4999999999999905 95.267109593749979 343.26822981250001  1.6690784610682412 1.5000000000000255 105.49764517578112 341.78898795200888  1.6690784610682234 1.4999999999999662 115.48166182812517 340.41316155803571  1.6690784610682541 1.5000000000000273 125.09590008593733 339.19245836383931  1.6690784610682246 1.4999999999999876 134.21710048437518 338.17858610267854  1.6690784610682405 1.5000000000000087 146.97445509570295 337.04558571037944  1.6690784610682354 1.4999999999999958 158.06780693164086 336.61063971707586  1.6690784610682341 1.5000000000000102 161.56529424658089 336.5496827858538  1.6690784610682521 1.4999999999999918 164.8470774980488 336.57921438783478  1.6690784610682095 1.5000000000000051 167.89774925292778 336.70569798967648  1.6690784610682619 1.4999999999999984 170.70190207812578 336.93559705803568  1.669078461068225 1.5000000000000027 174.51524177172811 337.44526406033759  1.6690784610682419 1.4999999999999967 177.70458042456053 338.21670146226279  1.6690784610682372 1.5000000000000091 178.69643393072573 338.50374079619496  1.6690784610682257 1.4999999999999873 179.61510212963768 338.82148159674944  1.6690784610682547 1.5000000000000102 180.45865909216411 339.1707317972585  1.6690784610682226 1.4999999999999987 181.22517888915968 339.55229933105471  1.6690784610682412 1.4999999999999982 182.60029229382386 340.38168493188476  1.6690784610682317 1.500000000000002 183.65184960327059 341.34680333251958  1.6690784610682416 1.5000000000000029 184.09481330505696 341.86410366611995  1.669078461068217 1.499999999999992 184.45303612475067 342.41695306633682  1.6690784610682743 1.500000000000004 184.72459213324484 343.00615946650026  1.6690784610681939 1.4999999999999993 184.90755540136422 343.63253079994428  1.6690784610682645 1.5000000000000016 185.00000000000085 344.296875  1.6690784610682272 1.5 185 345  1.6690784610682365 
1.499999999999996 -33.388646386643401 347.660258  1.0367296232096121 1.4999999999999938 -33.38864638664333 348.0766617255664  1.036729623209615 1.5000000000000075 -33.333898972913374 348.42777649863314  1.0367296232095999 1.4999999999999805 -33.237848310641255 348.72783007060377  1.0367296232096357 1.5000000000000107 -33.114051065418948 349.0013527597477  1.0367296232095837 1.4999999999999876 -32.941149225815835 349.29610131245209  1.036729623209633 1.4999999999999976 -32.689128372595107 349.60416194835193  1.0367296232096055 1.4999999999999973 -32.010839085924729 350.23911259534208  1.036729623209615 1.4999999999999927 -30.963137434589669 350.88051873904891  1.0367296232096128 1.500000000000014 -30.342193867555451 351.19524092478446  1.0367296232096053 1.4999999999999722 -29.626511893877975 351.49560905808016  1.0367296232096224 1.5000000000000147 -28.82028320337858 351.77683721900382  1.0367296232096057 1.4999999999999918 -27.927600295105222 352.0366738686842  1.0367296232096137 1.5000000000000016 -25.001659484093892 352.74615968082799  1.036729623209611 1.4999999999999925 -21.364426172746448 353.23817438098723  1.0367296232096121 1.5000000000000036 -18.652260223383465 353.46252329206908  1.036729623209613 1.499999999999986 -15.676176656101788 353.58716698755671  1.0367296232096117 1.5000000000000084 -12.456077540262413 353.61713992642194  1.0367296232096113 1.4999999999999907 -9.0101833460128944 353.55737874521662  1.0367296232096137 1.5000000000000067 1.9518415915094351 353.12802351730033  1.0367296232096077 1.4999999999999822 14.635005706623176 352.00314853510781  1.0367296232096188 1.5000000000000278 23.720173687884071 350.99355412624277  1.0367296232095973 1.4999999999999583 33.308444802462176 349.77632743570541  1.0367296232096299 1.5000000000000242 43.274464229112766 348.40321046700672  1.036729623209599 1.4999999999999867 53.493222281840247 346.92565507644701  1.0367296232096166 1.5000000000000024 74.1891088050089 343.86548642123455  1.0367296232096095 1.499999999999998 94.908402469340103 340.80185670144704  1.0367296232096133 1.4999999999999891 105.15071558067572 339.32092837102448  1.0367296232096126 1.5000000000000095 115.15272945871125 337.94239255177689  1.0367296232096102 1.4999999999999911 124.79293485976009 336.71821285392133  1.0367296232096148 1.5000000000000002 133.95016767537271 335.70006274046489  1.0367296232096097 1.4999999999999922 146.78171278291614 334.55893693805928  1.0367296232096144 1.5000000000000029 158.00639151726807 334.11840017936834  1.0367296232096097 1.4999999999999747 161.55547195290188 334.05624749812966  1.0367296232096215 1.5000000000000377 164.89893933999235 334.08533776322616  1.0367296232095973 1.4999999999999625 168.02419928247494 334.2136612714221  1.0367296232096255 1.500000000000012 170.92033898350411 334.44911049705854  1.0367296232096062 1.4999999999999873 174.90978505936278 334.97642980150323  1.0367296232096166 1.5000000000000042 178.36252155401598 335.80981879320984  1.0367296232096095 1.4999999999999709 179.45354565807128 336.12406081139386  1.0367296232096228 1.5000000000000386 180.48465336540028 336.47831425157881  1.0367296232095944 1.4999999999999667 181.45608531676987 336.87644651930179  1.0367296232096264 1.5000000000000075 182.3681813437311 337.32485940115822  1.0367296232096077 1.4999999999999876 184.07070650172091 338.34222445911166  1.0367296232096157 1.5000000000000022 185.49553183394892 339.63751061339093  1.0367296232096097 1.4999999999999951 186.12943838428876 340.36405064469244  1.0367296232096177 1.4999999999999958 186.67298218409707 341.17500089242077  1.0367296232096059 1.499999999999992 187.09229695583426 342.0798910036047  1.0367296232096161 1.5000000000000036 187.36217282982346 343.03258009852146  1.0367296232096104 1.4999999999999958 187.49231461335594 344.0101537255664  1.0367296232096126 1.4999999999999973 187.4923146133566 345  1.0367296232096121 
-1.58182228582221 -33.03079242513158 347.660258  1.0383466998475064 -1.5818222858222093 -33.03079242513148 348.03549343029744  1.038346699847507 -1.581822285822212 -32.981457685581262 348.34163378853327  1.0383466998475022 -1.5818222858222106 -32.897886194334745 348.59483368359304  1.0383466998475142 -1.5818222858222077 -32.795304592795787 348.82302956448893  1.0383466998474982 -1.581822285822212 -32.649011691936323 349.0807192281361  1.038346699847511 -1.5818222858222084 -32.424406982093117 349.35873660451875  1.0383466998475057 -1.5818222858222106 -31.799712630804962 349.94628078124549  1.0383466998475077 -1.581822285822208 -30.79902173499417 350.56069627415172  1.0383466998475044 -1.5818222858222137 -30.198980437000827 350.86582060555367  1.038346699847513 -1.581822285822212 -29.501659135411984 351.15917010592688  1.0383466998474964 -1.5818222858222035 -28.711574844692763 351.43515567321185  1.0383466998475146 -1.5818222858222122 -27.833131146486068 351.69108648039912  1.0383466998475042 -1.5818222858222131 -24.945009782763194 352.39167709861084  1.0383466998475062 -1.581822285822204 -21.333062350734764 352.88115722860891  1.038346699847509 -1.5818222858222291 -18.634104151207566 353.1047092315643  1.0383466998474982 -1.5818222858221838 -15.66873017824021 353.22908874781325  1.038346699847517 -1.5818222858222295 -12.457487854468241 353.25912505514384  1.0383466998474991 -1.5818222858222046 -9.0190015542814876 353.19953556329034  1.0383466998475088 -1.5818222858222153 1.9241670756951947 352.77098307413377  1.0383466998475028 -1.5818222858222049 14.59667869820813 351.64727476254529  1.0383466998475106 -1.5818222858222213 23.676673037602228 350.63829458046484  1.0383466998474962 -1.5818222858221904 33.261215712349362 349.42156705668583  1.0383466998475224 -1.5818222858222277 43.224651043686961 348.04883911534449  1.0383466998474926 -1.5818222858222006 53.441718043649516 346.57152587316483  1.0383466998475124 -1.5818222858222186 74.135924133267039 343.51160569293671  1.0383466998475019 -1.5818222858221982 94.856898231149202 340.44772749816485  1.0383466998475095 -1.5818222858222373 105.10090239525061 338.96655701936214  1.0383466998475011 -1.5818222858221789 115.10550036859769 337.58763217275748  1.0383466998475099 -1.5818222858222286 124.74943420947852 336.36295330814329  1.0383466998475059 -1.581822285822202 133.91184066695763 335.34418896790248  1.0383466998475055 -1.5818222858222137 146.75403826710178 334.20189649489265  1.0383466998475079 -1.5818222858222055 157.99757330899956 333.76055699744211  1.0383466998475044 -1.5818222858222197 161.55406163869651 333.69823262685128  1.0383466998475126 -1.5818222858221993 164.90638581785237 333.7272595234831  1.0383466998474991 -1.5818222858222175 168.04235535465261 333.85584721091698  1.0383466998475113 -1.5818222858222037 170.95170280551483 334.09209334468039  1.0383466998475064 -1.5818222858222153 174.96643476069403 334.62194721928597  1.0383466998475037 -1.5818222858222031 178.45699070263527 335.46423140492482  1.0383466998475097 -1.5818222858222286 179.56225401675684 335.78237926560161  1.0383466998474937 -1.5818222858221795 180.60950612386591 336.14187529942603  1.0383466998475246 -1.5818222858222362 181.59929874732543 336.5470262000706  1.0383466998474922 -1.5818222858221973 182.53229704332588 337.00503693626121  1.0383466998475122 -1.5818222858222193 184.28183295684204 338.04939264501496  1.0383466998475002 -1.5818222858221949 185.76025322444895 339.39208526955787  1.038346699847513 -1.5818222858222573 186.42157591817312 340.14866856037628  1.0383466998474888 -1.5818222858221436 186.99172865671397 340.99667769716228  1.0383466998475297 -1.5818222858222528 187.43225907214574 341.94689461659374  1.038346699847488 -1.5818222858221911 187.71461411715291 342.94643738842166  1.0383466998475164 -1.5818222858222133 187.85016857486858 343.96898543029744  1.0383466998475028 -1.5818222858222089 187.85016857486841 345  1.0383466998475064 
-4.1236753815126912 -35.880960999999999 347.660258  0.85353433019614966 -4.1236753815127081 -35.880961000000354 348.363383  0.85353433019614666 -4.123675381512645 -35.788516401366024 349.02772720005578  0.85353433019615843 -4.123675381512772 -35.605553133242012 349.65409853349962  0.85353433019613456 -4.1236753815126184 -35.333997124753495 350.24330493366347  0.8535343301961632 -4.1236753815127249 -34.975774305055069 350.79615433387977  0.85353433019614333 -4.1236753815126868 -34.532810603271272 351.31345466748047  0.85353433019614999 -4.1236753815126894 -33.481253293823201 352.27857306811524  0.85353433019615177 -4.1236753815126956 -32.106139889160374 353.10795866894534  0.85353433019614533 -4.1236753815126921 -31.339620092162662 353.48952620274139  0.85353433019616076 -4.123675381512677 -30.496063129638969 353.83877640325051  0.853534330196137 -4.1236753815127116 -29.577394930725077 354.15651720380509  0.8535343301961571 -4.1236753815126832 -28.585541424560489 354.44355653773715  0.85353433019614788 -4.1236753815127027 -25.396202771728568 355.21499393966241  0.85353433019615199 -4.1236753815126832 -21.582863078124916 355.72466094196432  0.853534330196147 -4.1236753815126939 -18.77871025292967 355.95456001032363  0.85353433019615632 -4.1236753815127036 -15.728038498046999 356.08104361216516  0.85353433019613867 -4.1236753815126779 -12.446255246582098 356.11057521414619  0.85353433019615876 -4.1236753815127001 -8.9487679316405888 356.04961828292414  0.85353433019614655 -4.123675381512669 2.1445839042970221 355.6146722896205  0.85353433019615532 -4.1236753815127187 14.901938515624593 354.48167189732152  0.85353433019614122 -4.1236753815126193 24.023138914063445 353.46779963616046  0.85353433019617053 -4.1236753815127907 33.6373771718741 352.24709644196452  0.85353433019612246 -4.1236753815126121 43.621393824219155 350.87127004799095  0.85353433019617009 -4.1236753815127178 53.851929406249944 349.39202818750005  0.85353433019614322 -4.1236753815126734 74.559519499999922 346.330129  0.85353433019615355 -4.1236753815127027 95.267109593750135 343.26822981250001  0.85353433019614811 -4.1236753815126637 105.49764517578076 341.78898795200882  0.85353433019615133 -4.1236753815127329 115.4816618281256 340.41316155803582  0.85353433019614877 -4.1236753815126628 125.09590008593707 339.19245836383919  0.85353433019614966 -4.123675381512701 134.21710048437524 338.17858610267859  0.85353433019614966 -4.1236753815126823 146.97445509570298 337.04558571037944  0.85353433019614977 -4.1236753815126921 158.06780693164058 336.61063971707586  0.85353433019614966 -4.1236753815126921 161.56529424658265 336.54968278585375  0.85353433019614899 -4.123675381512701 164.84707749804585 336.57921438783478  0.85353433019615144 -4.1236753815126894 167.89774925293051 336.70569798967642  0.85353433019614688 -4.1236753815126912 170.70190207812453 336.93559705803568  0.85353433019615166 -4.1236753815126894 174.51524177172882 337.44526406033759  0.85353433019614755 -4.1236753815126921 177.70458042456045 338.21670146226285  0.85353433019615188 -4.1236753815126947 178.69643393072545 338.5037407961949  0.85353433019614211 -4.1236753815126894 179.61510212963842 338.82148159674955  0.85353433019615887 -4.1236753815126894 180.45865909216326 339.17073179725844  0.85353433019614411 -4.1236753815126992 181.22517888916013 339.55229933105471  0.85353433019615066 -4.1236753815126681 182.60029229382314 340.38168493188482  0.85353433019615021 -4.1236753815127196 183.65184960327156 341.34680333251953  0.85353433019614766 -4.1236753815126104 184.09481330505321 341.86410366612012  0.85353433019615821 -4.123675381512828 184.45303612475709 342.41695306633648  0.85353433019613467 -4.1236753815125384 184.72459213323845 343.00615946650055  0.8535343301961642 -4.1236753815127889 184.90755540136809 343.63253079994416  0.853534330196141 -4.1236753815126628 184.99999999999966 344.296875  0.85353433019615232 -4.1236753815126912 185 345  0.85353433019614966 
-1.58182228582221 -38.731129574868405 347.660258  1.0383466998475068 -1.5818222858222064 -38.731129574867978 348.69127256970256  1.0383466998475097 -1.5818222858222224 -38.595575117155079 349.71382061157834  1.0383466998474968 -1.5818222858221875 -38.313220072141078 350.71336338340609  1.0383466998475246 -1.5818222858222397 -37.872689656720041 351.66358030283811  1.0383466998474875 -1.5818222858221866 -37.302536918168499 352.51158943962332  1.038346699847519 -1.5818222858222177 -36.641214224450366 353.26817273044225  1.0383466998475039 -1.5818222858222055 -35.162793956841313 354.61086535498504  1.0383466998475084 -1.5818222858222102 -33.413258043326081 355.65522106373891  1.038346699847507 -1.5818222858222191 -32.480259747325604 356.11323179992928  1.0383466998475031 -1.5818222858222017 -31.490467123865443 356.51838270057414  1.0383466998475113 -1.581822285822214 -30.443215016757065 356.87787873439828  1.0383466998475048 -1.5818222858222097 -29.337951702635209 357.19602659507524  1.0383466998475073 -1.5818222858222133 -25.8473957606939 358.03831078071397  1.0383466998475055 -1.5818222858222089 -21.832663805515026 358.56816465531966  1.0383466998475088 -1.5818222858222133 -18.923316354652343 358.80441078908302  1.0383466998475017 -1.5818222858222062 -15.78734681785275 358.93299847651696  1.038346699847513 -1.5818222858222144 -12.435022638696424 358.96202537314861  1.0383466998475028 -1.5818222858222086 -8.8785343089995195 358.89970100255795  1.0383466998475086 -1.581822285822212 2.3650007328982952 358.45836150510735  1.0383466998475051 -1.5818222858222086 15.207198333042207 357.31606903209757  1.0383466998475086 -1.581822285822216 24.369604790521919 356.29730469185648  1.0383466998475024 -1.5818222858221993 34.013538631401822 355.07262582724275  1.0383466998475128 -1.5818222858222224 44.018136604749657 353.69370098063769  1.0383466998475013 -1.5818222858222046 54.262140768850685 352.2125305018352  1.0383466998475093 -1.581822285822214 74.983114866733118 349.14865230706329  1.0383466998475064 -1.5818222858222126 95.677320956350485 346.08873212683517  1.0383466998475055 -1.5818222858222031 105.89438795631278 344.61141888465562  1.0383466998475124 -1.5818222858222208 115.85782328765072 343.23869094331405  1.0383466998474997 -1.5818222858222077 125.44236596239801 342.02196341953527  1.0383466998475122 -1.5818222858222106 134.52236030179176 341.01298323745465  1.0383466998475046 -1.5818222858222128 147.19487192430483 339.88927492586629  1.0383466998475086 -1.5818222858222084 158.13804055428164 339.46072243670966  1.0383466998475051 -1.5818222858222222 161.57652685446746 339.40113294485622  1.0383466998475133 -1.5818222858221951 164.78776917824138 339.43116925218663  1.0383466998474991 -1.5818222858222299 167.75314315120659 339.55554876843581  1.0383466998475113 -1.5818222858221989 170.45210135073495 339.77910077139109  1.0383466998475077 -1.5818222858222233 174.06404878276334 340.2685809013891  1.0383466998475037 -1.5818222858222015 176.95217014648563 340.96917151960088  1.0383466998475097 -1.5818222858222413 177.8306138446942 341.22510232678803  1.0383466998474984 -1.5818222858221702 178.62069813541032 341.50108789407329  1.0383466998475177 -1.5818222858222442 179.31801943700214 341.79443739444616  1.0383466998474982 -1.5818222858221973 179.9180607349935 342.09956172584839  1.0383466998475108 -1.5818222858222255 180.91875163080562 342.71397721875451  1.0383466998475017 -1.5818222858221911 181.54344598209218 343.30152139548136  1.038346699847513 -1.5818222858222784 181.76805069193938 343.57953877186361  1.038346699847488 -1.5818222858221198 181.91434359279199 343.83722843551118  1.038346699847533 -1.5818222858222784 182.01692519433738 344.06542431640702  1.0383466998474857 -1.5818222858221802 182.10049668558008 344.31862421146678  1.0383466998475179 -1.5818222858222197 182.14983142513177 344.62476456970256  1.0383466998475033 -1.5818222858222108 182.14983142513159 345  1.0383466998475068 
1.4999999999999973 -38.373275613356583 347.660258  1.0367296232096115 1.499999999999998 -38.373275613356455 348.6501042744336  1.0367296232096148 1.5000000000000009 -38.243133829821986 349.62767790147853  1.036729623209599 1.4999999999999947 -37.973257955836559 350.5803669963953  1.0367296232096337 1.499999999999998 -37.553943184094791 351.4852571075794  1.0367296232095859 1.4999999999999989 -37.010399384289883 352.29620735530727  1.0367296232096295 1.4999999999999958 -36.376492833948404 353.02274738660913  1.0367296232096057 1.5000000000000009 -34.951667501721957 354.31803354088845  1.0367296232096146 1.4999999999999909 -33.249142343729687 355.33539859884178  1.0367296232096115 1.5000000000000242 -32.337046316774092 355.78381148069843  1.0367296232096062 1.4999999999999583 -31.365614365394705 356.18194374842074  1.036729623209621 1.5000000000000269 -30.334506658074829 356.53619718860637  1.0367296232096048 1.4999999999999913 -29.243482554015145 356.8504392067901  1.0367296232096126 1.4999999999999987 -25.790746059363499 357.68382819849688  1.0367296232096126 1.5000000000000047 -21.801299983503526 358.21114750294134  1.0367296232096075 1.4999999999999778 -18.905160282475691 358.44659672857824  1.0367296232096221 1.50000000000002 -15.77990033999194 358.57492023677344  1.0367296232095995 1.4999999999999876 -12.436432952902109 358.60401050187056  1.0367296232096186 1.4999999999999993 -8.8873525172680701 358.54185782063155  1.0367296232096102 1.4999999999999956 2.3373262170841684 358.10132106194078  1.0367296232096135 1.5000000000000004 15.168871324626728 356.96019525953506  1.0367296232096088 1.4999999999999905 24.326104140241114 355.94204514607873  1.0367296232096173 1.5000000000000078 33.966309541287757 354.71786544822299  1.0367296232096062 1.4999999999999898 43.968323419324641 353.33932962897563  1.0367296232096128 1.5000000000000022 54.210636530659755 351.85840129855291  1.0367296232096117 1.4999999999999918 74.929930194991215 348.79477157876551  1.0367296232096113 1.500000000000002 95.625816718159768 345.73460292355293  1.0367296232096119 1.4999999999999833 105.84457477088688 344.2570475329934  1.0367296232096108 1.5000000000000151 115.81059419753838 342.88393056429453  1.0367296232096113 1.4999999999999836 125.39886531211545 341.66670387375729  1.0367296232096128 1.5000000000000031 134.48403329337705 340.65710946489219  1.0367296232096102 1.4999999999999925 147.16719740849044 339.53223448269966  1.0367296232096115 1.4999999999999991 158.1292223460128 339.10287925478332  1.0367296232096119 1.4999999999999851 161.57511654026302 339.04311807357811  1.036729623209615 1.5000000000000218 164.79521565610079 339.07309101244311  1.0367296232096019 1.4999999999999778 167.77129922338423 339.19773470793109  1.036729623209621 1.5000000000000031 170.48346517274612 339.42208361901271  1.0367296232096077 1.4999999999999933 174.12069848409391 339.91409831917207  1.0367296232096135 1.4999999999999989 177.04663929510559 340.62358413131574  1.036729623209611 1.4999999999999865 177.93932220337652 340.88342078099629  1.0367296232096135 1.500000000000014 178.74555089388122 341.16464894191967  1.0367296232096073 1.4999999999999856 179.46123286755315 341.46501707521554  1.0367296232096144 1.4999999999999998 180.08217643459025 341.77973926095115  1.0367296232096115 1.4999999999999931 181.1298780859245 342.42114540465798  1.036729623209611 1.4999999999999976 181.80816737259477 343.05609605164818  1.0367296232096124 1.5000000000000033 182.060188225817 343.36415668754762  1.0367296232096079 1.4999999999999838 182.23309006541746 343.65890524025252  1.036729623209619 1.5000000000000022 182.35688731064255 343.93242792939611  1.0367296232096024 1.4999999999999969 182.45293797291265 344.23248150136692  1.0367296232096179 1.4999999999999976 182.50768538664349 344.5835962744336  1.0367296232096093 1.4999999999999967 182.5076853866434 345  1.0367296232096115 

0 6
6.2831853071795862 6

0 9
0.0625 6
0.125 6
0.25 6
0.5 6
0.75 6
0.875 6
0.9375 6
1 9

9 1 1 1 0 6 8 6 63 2 11 2 185 435  1.6690784610682365 1.9999999999998579 185.00009231467436 435.29519398887629  1.6690784610682456 2.0332293096057015 185.00736372755728 435.54481024887355  1.6690784610682032 2.0915785753345233 185.02002169836851 435.75549355174627  1.6690784610682954 2.1673700791558019 185.03637213262201 435.93832043545729  1.6690784610681793 2.2619339545754826 185.05670408362704 436.12028056534962  1.6690784610682687 2.3953862612690955 185.08524461345186 436.30938627822871  1.669078461068229 2.7574015995105299 185.16223774752854 436.70027043689942  1.6690784610682401 3.3351465041807273 185.28407322311344 437.10327761997553  1.6690784610682368 3.6841593066173743 185.35741935196972 437.30438664522842  1.6690784610682263 4.0947105304228444 185.44337769826552 437.49862569881253  1.6690784610682481 4.5653398889001551 185.54153608942599 437.68144222240761  1.6690784610682301 5.0937640574515228 185.65131875074616 437.85025606935955  1.6690784610682388 6.8467131966605166 186.01406573293261 438.30841541857183  1.6690784610682314 9.0841071174824037 186.47231478194442 438.61066405769344  1.6690784610682408 10.774712061843999 186.81613248668435 438.7328388096538  1.6690784610682252 12.650455884330171 187.19470862489962 438.77582395477566  1.6690784610682492 14.700826024944348 187.60518154633493 438.74117163210002  1.6690784610682257 16.917061419098928 188.04502822171671 438.63050609060065  1.6690784610682439 24.037392497497905 189.44508384703846 438.07892263743975  1.6690784610682199 32.50285790477183 191.06517795927041 436.89254196763841  1.6690784610682603 38.681902582105224 192.22372205281866 435.84142026613432  1.6690784610681766 45.341622910419616 193.44286850016476 434.5547318340553  1.6690784610683127 52.428805706692941 194.70331075089425 433.05694789127449  1.669078461068179 59.890526180864995 195.98519173118095 431.37242023003694  1.6690784610682579 71.938762845608522 197.9770730071188 428.51366648932338  1.6690784610682277 84.627901428185254 199.96457880637001 425.31837992200184  1.6690784610682341 89.191282489969893 200.66335345065528 424.14947633092481  1.6690784610682541 93.81816294027962 201.35418839302491 422.94671956571966  1.6690784610682132 98.499937318604552 202.03448803199862 421.71403784530662  1.6690784610682525 103.22797857410428 202.70186763276419 420.4553094209615  1.6690784610682299 112.41796373536035 203.95867032848966 417.98543569729401  1.6690784610682452 121.7170552424288 205.14373374771171 415.44883934825452  1.6690784610682274 126.21202559603529 205.69662543717317 414.2151199120745  1.6690784610682632 130.71828490055086 206.23029362570753 412.97187240607963  1.669078461068207 135.22901946479487 206.74260899007987 411.72223723031794  1.6690784610682539 139.73749082038589 207.23103993011054 410.46944836221877  1.669078461068233 149.29215159615572 208.21161472758911 407.80945402730475  1.6690784610682352 158.77605051269671 209.05930792055113 405.16496335345653  1.6690784610682436 163.76426076452236 209.46768955192445 403.77460226908022  1.6690784610682075 168.71328534720311 209.83292182729235 402.39748838450134  1.6690784610682727 173.61345084739986 210.15198455315328 401.03808487739707  1.6690784610682163 178.45507741867993 210.42194669040035 399.70083296470625  1.6690784610682363 191.94265174273735 211.03801748079186 395.99740231974658  1.6690784610682492 204.80853451811004 211.21741806733229 392.54111628037373  1.6690784610682097 212.80317872958551 211.13033865304902 390.43885999457711  1.6690784610682978 220.42145801122615 210.82047053664667 388.49485290753307  1.6690784610681695 227.60476012059991 210.26855337807362 386.73642238609386  1.6690784610682774 234.29450318327261 209.45576320463931 385.19077889926069  1.669078461068227 243.50124405824221 207.8173163883998 383.23216984378246  1.669078461068233 251.33597157527214 205.50668146552374 381.87455016514815  1.6690784610682499 253.7878692371159 204.65937992615622 381.49218585057719  1.6690784610681724 256.07287380174415 203.73251828888365 381.18341628933598  1.6690784610683238 258.18381298189092 202.72360737643666 380.95165554373995  1.6690784610681804 260.11353138157449 201.6299778931469 380.80037750213222  1.6690784610682483 263.5959695339721 199.26745831845071 380.66597984035366  1.6690784610682392 266.29353328868768 196.54318226507706 380.88264853792163  1.6690784610682237 267.43835089108319 195.08780449047043 381.08244155444851  1.6690784610682781 268.37129926199748 193.53650888339388 381.37738779313452  1.6690784610681861 269.08309230067289 191.88702086677233 381.77143722407362  1.6690784610682747 269.56577788029784 190.13938433382222 382.26732405538269  1.6690784610682161 269.81266878057045 188.29204702607188 382.86799494458432  1.6690784610682428 269.81708873188461 186.34307499418156 383.57653794540619  1.6690784610682365 
2.0000000000000568 188.32308615114212 435  1.0367296232096121 1.9998466151919843 188.32317846581651 435.22444189438386  1.0367296232096206 2.0249643816332252 188.32872828371231 435.3969815974437  1.0367296232095828 2.0647266225824694 188.33741495084959 435.52659673823069  1.0367296232096641 2.1091497590196013 188.347063639906 435.62826811738216  1.0367296232095582 2.1606529742446696 188.35822830911857 435.73838828388648  1.0367296232096452 2.2468141267823114 188.37673447249537 435.867346655213  1.0367296232096035 2.5123985932316941 188.43332372270424 436.16017416131888  1.0367296232096161 2.9998978809105949 188.53616426152726 436.50391630950878  1.0367296232096133 3.3077434394085117 188.60087165548259 436.68362983554221  1.0367296232095973 3.6817597517222396 188.6791844040776 436.86224480139759  1.036729623209635 4.1201878330151942 188.77062166821256 437.03347515630009  1.0367296232095953 4.6201869578498247 188.87448806674078 437.19372455623682  1.0367296232096175 6.2979474989066659 189.22163705218503 437.63271724078874  1.0367296232096055 8.4862918569247228 189.66987835869344 437.93054968300623  1.0367296232096177 10.152226808353205 190.0087581975763 438.0519703436172  1.0367296232096022 12.008762832183066 190.38361396774067 438.09561255364997  1.0367296232096228 14.044017347519173 190.7913159890625 438.06267220101932  1.0367296232096046 16.248462261236341 191.22918861105231 437.95436491656943  1.0367296232096161 23.341202136113097 192.62523901202425 437.41164915926879  1.0367296232096026 31.798469552841254 194.24607341890837 436.23779719817782  1.036729623209625 37.976968934120563 195.40626873409767 435.19519256240329  1.0367296232095793 44.639951465286188 196.62765565310701 433.91624384938484  1.0367296232096546 51.732772697032487 197.88996158627063 432.42162736320728  1.03672962320958 59.200678204196379 199.17202167788673 430.73090856610355  1.0367296232096235 71.258645691696699 201.16123013640552 427.84904141004438  1.036729623209609 83.96643580380794 203.15156379252807 424.64862840184048  1.0367296232096079 88.537093963726363 203.85144569290179 423.47781085556545  1.0367296232096324 93.171744949226166 204.54328072231897 422.27224813755629  1.0367296232095884 97.861830747798649 205.22452296910669 421.03610494273875  1.0367296232096259 102.59888224070843 205.89293334716481 419.77382718875998  1.036729623209607 111.80770920747874 207.15191943818246 417.29700613375678  1.0367296232096199 121.12725134038774 208.33802517886852 414.74757520406843  1.0367296232096033 125.63292782215976 208.89165405474947 413.5082543852418  1.036729623209639 130.15104293269971 209.42654928793718 412.26091196147519  1.0367296232095791 134.67487851564854 209.94060663950037 411.00875545670084  1.0367296232096335 139.19763197807239 210.43113519617913 409.75443270489342  1.0367296232096068 148.7847842681289 211.41634662698075 407.09121181109583  1.0367296232096155 158.30499858662154 212.26781346664006 404.43888912910631  1.0367296232096124 163.31368912145831 212.67801242371272 403.04335855776139  1.0367296232096055 168.28463760234186 213.04488611963757 401.66011503130693  1.036729623209619 173.20838622481045 213.36541705173065 400.29370378030791  1.0367296232096113 178.07554912679865 213.63670483289857 398.94878315006935  1.0367296232096097 191.6419104396924 214.25628070536223 395.22287638245848  1.0367296232096195 204.60929571414613 214.43893093623282 391.74550761099573  1.0367296232095995 212.6803034039288 214.35239222334332 389.6268659775381  1.0367296232096384 220.38869107582343 214.04077791963547 387.6613183933751  1.0367296232095864 227.67958923699797 213.4823150883407 385.87544688254053  1.0367296232096264 234.50100986925531 212.6558087480467 384.29563936737509  1.0367296232096099 243.95967062989445 210.97952997320908 382.27381394268212  1.0367296232096073 252.17050034074725 208.55814889944716 380.84198842664108  1.036729623209623 254.76396607553698 207.6632824208184 380.43402026956352  1.0367296232095589 257.20913779121798 206.67407902624177 380.09971875884082  1.0367296232096888 259.50194421302183 205.58338220280359 379.84344416934022  1.0367296232095571 261.63770585737001 204.3802425950816 379.67110058789666  1.0367296232096281 265.57725672891621 201.7185045468774 379.51165712936108  1.0367296232096055 268.77537440314853 198.5039778907508 379.76257873312949  1.0367296232096119 270.16912236751909 196.74832231767562 380.00067028680769  1.0367296232096177 271.3337910357447 194.83829044476306 380.36101751478316  1.0367296232096055 272.21449647080476 192.78300274605127 380.8568104689212  1.0367296232096197 272.79523955147135 190.63937152271859 381.47284533219755  1.0367296232096053 273.08452411465237 188.42445696770017 382.2011858440477  1.0367296232096146 273.09023186869194 186.14676747631182 383.03718747278998  1.0367296232096121 
-2.1090963810962933 188.8002247664912 435  1.0383466998475064 -2.1092717893520216 188.80012741621834 435.6190157595812  1.0383466998475124 -2.0397588592429372 188.81509632149277 436.22404889870518  1.0383466998474842 -1.8965446910687831 188.84588580616656 436.81153025023616  1.0383466998475452 -1.6758297408685792 188.89320056220944 437.37501416844282  1.0383466998474684 -1.3794313160216518 188.95650665532412 437.89756197727775  1.0383466998475277 -1.0216896209933282 189.03264235287551 438.3742129194398  1.0383466998475019 -0.19755730027853247 189.20742318340186 439.23765635064893  1.0383466998475073 0.82163452179619867 189.42218053495287 439.93190694053197  1.0383466998475093 1.374543858741788 189.53831627279328 440.2394457970675  1.0383466998474891 1.9684061920047213 189.66263686631856 440.51217746532097  1.0383466998475295 2.6027598418673108 189.79496639108345 440.75369069395373  1.0383466998474911 3.2777152137174994 189.93524319495404 440.96631451493806  1.0383466998475115 5.4240050114878215 190.37957180826524 441.52354193538616  1.0383466998474964 7.9345122263014645 190.89357165807655 441.85191412873462  1.0383466998475188 9.7698639824089639 191.26644056166751 441.98086276278525  1.0383466998474786 11.765306262812004 191.66841883841008 442.0249744257132  1.0383466998475372 13.917078045622119 192.09796128666972 441.98836690130167  1.0383466998474868 16.220260844368127 192.55329759204051 441.8750220439274  1.0383466998475133 23.569078555799706 193.99139770541541 441.31418064415686  1.0383466998474946 32.185211873640327 195.62899541180298 440.11914186390601  1.0383466998475208 38.447921695799877 196.79462034293925 439.06508013064672  1.0383466998474713 45.17944845932351 198.01829112310233 437.77588964013682  1.0383466998475519 52.328028934567499 199.28521121136083 436.27072044605495  1.0383466998474709 59.841140199848212 200.58077380920068 434.56771477984449  1.0383466998475208 71.955341020754219 202.6042784067545 431.66302587507261  1.0383466998474995 84.712993503499945 204.60292632033452 428.44982340484336  1.0383466998475053 89.300021618171485 205.30537001541327 427.27477917753197  1.0383466998475166 93.94971708393382 206.00038348420469 426.06493786406935  1.0383466998474908 98.65373654271545 206.68516066989216 424.8245345516612  1.0383466998475199 103.40388575221165 207.35678288356542 423.55823576446454  1.0383466998474991 112.63656381809156 208.62126097593924 421.07413769097803  1.038346699847517 121.97606983321185 209.81848403131289 418.51590610948995  1.0383466998474928 126.4910761466633 210.37640078783045 417.27278381848595  1.0383466998475497 131.01853342192203 210.91337080522823 416.02247585183522  1.0383466998474495 135.55175740188497 211.42718790645418 414.76823339983702  1.0383466998475461 140.08380191964181 211.91585926117969 413.51246190552098  1.0383466998474946 149.69000235250931 212.89619126127641 410.84663096564231  1.0383466998475139 159.22695885207179 213.74646406361808 408.19069564389315  1.0383466998475044 164.24400031668333 214.1567121062466 406.79308588746147  1.0383466998475019 169.22287311140349 214.52419878211825 405.40762531157878  1.0383466998475102 174.15420124283821 214.84575847857724 404.03889919000045  1.0383466998475086 179.02870513045565 215.11816354130545 402.69167042516278  1.0383466998475022 192.61546616768163 215.73962822933166 398.95978349727375  1.0383466998475177 205.60290665048166 215.91530512989237 395.47990244948039  1.0383466998474875 213.68616995391881 215.82424459829139 393.35976968865396  1.0383466998475457 221.40614460068352 215.51001325017924 391.39210570474603  1.0383466998474635 228.70831257311079 214.95139301622297 389.60320146518097  1.0383466998475328 235.54138430608216 214.12686757430342 388.01938292280767  1.0383466998474997 245.01965231606778 212.45527933236343 385.99017474908294  1.0383466998475053 253.25553930032842 210.03639321099871 384.55008156286578  1.0383466998475137 255.85809104964255 209.14185233031552 384.13932160176915  1.0383466998474669 258.31317419114316 208.15211906219216 383.80229771600062  1.0383466998475617 260.61682256290692 207.05964892049897 383.54348685415277  1.0383466998474709 262.76433733655404 205.8529559128342 383.36899993644846  1.0383466998475126 266.72849563612868 203.17929792823728 383.20673054359179  1.0383466998475119 269.94986519304973 199.94258185696103 383.45903274691187  1.0383466998474908 271.35398542373548 198.17312455512592 383.69918723092053  1.0383466998475559 272.52666012393615 196.24677954706226 384.06322604886287  1.0383466998474409 273.41046107529564 194.17414471252579 384.56454573645613  1.0383466998475588 273.98949582332716 192.0153755495929 385.18674448845195  1.0383466998474793 274.27311264901647 189.7885619143849 385.92126456185724  1.0383466998475144 274.26992430663472 187.50285297940144 386.76300177137847  1.0383466998475064 
-5.4982338420169299 185 435  0.85353433019614966 -5.4982338420178678 184.9997462161665 436.03374569475915  0.85353433019615133 -5.3818674320439754 185.02465654877611 437.0927659399498  0.85353433019614311 -5.1298702672197862 185.07868801359908 438.16019902298649  0.85353433019616076 -4.7241646189358448 185.16552698741469 439.20699978780794  0.853534330196139 -4.1714363957474347 185.28340794182881 440.16037603060653  0.85353433019615588 -3.5300162136350366 185.41973930194726 440.99970644257627  0.85353433019614777 -2.1235031777424354 185.71775312462057 442.45753595032619  0.85353433019615033 -0.55188645770587641 186.04879000565975 443.51567503066252  0.85353433019615044 0.25510220362176028 186.21824543350721 443.95564411758977  0.85353433019614455 1.0763984889040046 186.39016160143987 444.32571993966673  0.85353433019615521 1.912987681028568 186.56470073301514 444.63982355388566  0.853534330196146 2.7681176902945879 186.74247481317175 444.90645362695074  0.85353433019615199 5.3957339220025631 187.28664092046554 445.58538825245921  0.85353433019614322 8.2338584868244737 187.86750755043769 445.94452257501126  0.85353433019615776 10.240077102739789 188.27464188982773 446.08063186848449  0.85353433019613234 12.374328142357186 188.70368564805705 446.12430150939724  0.85353433019616654 14.641278134467498 189.15473873992164 446.08250882107609  0.85353433019613945 17.040778542062441 189.62697017154133 445.96203288823057  0.8535343301961531 24.635626771416625 191.1048070525564 445.37505054926476  0.85353433019614533 33.393136870568839 192.75529668558926 444.14672577512488  0.85353433019615343 39.72599070569332 193.92331604820541 443.07246574342031  0.85353433019614044 46.509935069303339 195.14604303730337 441.76506035523232  0.85353433019615854 53.697389400482493 196.41441684655058 440.24719004622796  0.85353433019614555 61.239980312318437 197.72089012283823 438.54186357260943  0.85353433019614999 73.388281385165627 199.77605491700933 435.64752087066177  0.85353433019615177 86.163521410831493 201.77799155880186 432.43023940564547  0.85353433019614455 90.754867523240051 202.48115082719863 431.25412448634592  0.85353433019616898 95.407165028135196 203.17752371929924 430.04429537114356  0.85353433019612468 100.112187732286 203.86402690446914 428.80474677125937  0.85353433019616709 104.86176879675205 204.53699735494865 427.53961076480346  0.85353433019614278 114.09034046520993 205.80324972585396 425.05827827877067  0.85353433019615776 123.42050360404542 207.00832680130239 422.5089853682656  0.85353433019614122 127.92969383368292 207.56884981893498 421.26979665817004  0.85353433019617342 132.44989429388903 208.10598255454946 420.02221056601383  0.85353433019612113 136.97432812152178 208.61740309705354 418.76942958671412  0.8535343301961692 141.49601165717635 209.10189544171189 417.51439896002211  0.85353433019614322 151.07691821669462 210.07235146975017 414.8504872280659  0.85353433019615454 160.58185313176642 210.916877068509 412.20145630277773  0.85353433019614722 165.57993605715532 211.32487211562409 410.80865559460915  0.85353433019614888 170.53767658967908 211.69079288367857 409.42910208178819  0.85353433019615077 175.44549411253371 212.01134820470696 408.0673105138024  0.85353433019615077 180.29382569422606 212.28300181488117 406.72785601278105  0.85353433019614655 193.79798233865205 212.9016009333215 403.01940177557185  0.85353433019615943 206.67386710540316 213.06742522857604 399.56405522003024  0.85353433019613278 214.67086733444188 212.97195278084723 397.46337104413135  0.85353433019618719 222.28668122322318 212.65776662679116 395.52114577054738  0.85353433019610814 229.4623572645954 212.1072772644014 393.76437093549981  0.85353433019617631 236.138860466279 211.30169556677933 392.22035944107154  0.85353433019614144 245.31537524664276 209.68172028346834 390.26484166154165  0.85353433019615188 253.09728497494223 207.40465457096468 388.91157780013845  0.85353433019615255 255.52867063739478 206.57040960433093 388.53082746035665  0.85353433019612845 257.78979628485979 205.65891513887206 388.22377973053432  0.85353433019617975 259.87286894676367 204.66819691034459 387.99381366205432  0.85353433019613112 261.77004921648876 203.5967758210455 387.84414383753762  0.85353433019615277 265.17762324945818 201.2909027038217 387.71115165713672  0.85353433019615277 267.78646733057167 198.65458554507356 387.9213651001005  0.85353433019614222 268.88499022404062 197.25269790623804 388.1148879814362  0.85353433019617042 269.77183519331925 195.76562627189975 388.39943496841136  0.85353433019612579 270.44502038832138 194.19080641679273 388.77691183927323  0.8535343301961672 270.89889670857929 192.51930036973869 389.25256664406174  0.85353433019614044 271.12433767778191 190.74655816717521 389.83106338458703  0.85353433019615232 271.11218671483294 188.86907915836355 390.51667734794461  0.85353433019614966 
-2.1090963810962933 181.19977523350877 435  1.0383466998475068 -2.1089209728401386 181.19967788323598 435.78083754182938  1.038346699847515 -2.0208555973072748 181.2185843619645 436.56215755843306  1.0383466998474784 -1.8351298187271539 181.25845687722619 437.33505525087025  1.0383466998475557 -1.5426702063692233 181.32109963676689 438.08415527671849  1.0383466998474586 -1.1477849052309637 181.405372824761 438.77101300450948  1.0383466998475344 -0.68188049212579926 181.50445878369959 439.3852308989633  1.0383466998475015 0.3628052362187475 181.72590668289678 440.47294616824507  1.0383466998475066 1.5884037616767728 181.98410860725585 441.30274572864425  1.0383466998475124 2.2354694176940768 182.12000256551474 441.65921964273076  1.0383466998474797 2.9128931569509291 182.2618099098591 441.96768619261962  1.0383466998475437 3.620896471900295 182.40951176758091 442.23569891191556  1.0383466998474806 4.3608646362115167 182.56332004633063 442.46791104459345  1.0383466998475148 6.6791232363845552 183.04332386686258 443.06897580805435  1.0383466998474951 9.3018149416899547 183.58021308468207 443.40744857664214  1.0383466998475199 11.193591065902169 183.96437570698521 443.53812194275906  1.038346699847478 13.232964769604607 184.37486308289897 443.58073078918829  1.038346699847539 15.419308496033338 184.81074303958189 443.54020770516223  1.038346699847486 17.749458080311868 185.27059433267755 443.42146912253526  1.0383466998475142 25.161381453284903 186.71785505885461 442.84034583063374  1.0383466998474939 33.796264936054527 188.3537595885121 441.61665181427492  1.0383466998475228 40.060221940793639 189.51560790171516 440.54311013818585  1.0383466998474684 46.784287504986821 190.73415435135246 439.23621762568519  1.038346699847557 53.919971942547477 191.99681188858361 437.72380393267622  1.0383466998474675 61.41893701089171 193.29196482908762 436.03495842168286  1.0383466998475224 73.510881825210802 195.32158260366421 433.18313373375054  1.0383466998475002 86.225875164468434 197.31376273926341 429.98165628461248  1.0383466998475044 90.796259347988553 198.01367395590566 428.81098959048188  1.0383466998475241 95.428182310159002 198.70640005964322 427.60756595676401  1.0383466998474808 100.11319217145578 199.38902134482311 426.37507961079035  1.0383466998475286 104.84273347264059 200.05828599975845 425.11689872951962  1.0383466998474968 114.03231720228955 201.31777030473907 422.64869035578897  1.0383466998475193 123.32504924209007 202.51260939793875 420.11981359029511  1.0383466998474924 127.81556886361896 203.06884008677085 418.88950259101915  1.0383466998475495 132.31590994288888 203.60300364940269 417.64856038091261  1.0383466998474526 136.81916971880557 204.11283653682116 416.4000846268105  1.0383466998475444 141.31854868795165 204.59671029414747 415.14782137910123  1.0383466998474957 150.85043563529575 205.56643754433065 412.48937011487476  1.0383466998475139 160.30433278362577 206.40807939039436 409.8513478955586  1.0383466998475051 165.27453244204617 206.81417090754164 408.46556161376219  1.0383466998475013 170.20326164304828 207.17790338218717 407.09412054613392  1.0383466998475122 175.08065125994847 207.49610504732641 405.74142229786207  1.0383466998475075 179.89674932118243 207.76547814240172 404.41173316276934  1.0383466998475033 193.30331143931042 208.37892612601937 400.7312528575618  1.0383466998475155 206.05859886117381 208.54717055067977 397.29959151698495  1.0383466998474926 213.96720621630936 208.45487334525646 395.21693476560222  1.0383466998475355 221.48108802000127 208.14463581731059 393.29853747350279  1.0383466998474795 228.53716596514053 207.60098662320203 391.57239533084248  1.0383466998475219 235.06906924301845 206.80783233124944 390.06671559118718  1.0383466998475042 243.97115466540725 205.22277205728315 388.18209374535911  1.0383466998475024 251.34683351379891 203.0571807626234 386.91172162462402  1.0383466998475173 253.62559558540207 202.2714287919934 386.55952190059918  1.0383466998474582 255.71434987080568 201.42428146917325 386.28089382062456  1.0383466998475732 257.60203767789972 200.51886927925366 386.07815018814534  1.0383466998474644 259.27829735568611 199.5626441006612 385.95184365612232  1.0383466998475146 262.1969630033268 197.57334842381024 385.84685815709213  1.0383466998475126 264.27348267348697 195.45791684389661 386.02081827926042  1.0383466998474897 265.10825785341171 194.3752447017994 386.17337765270713  1.0383466998475626 265.75094977694062 193.26938907021523 386.38783355408367  1.0383466998474313 266.24842004476818 192.12488545585964 386.65644891857954  1.0383466998475679 266.60318101412054 190.87182186981897 387.00384918148762  1.0383466998474757 266.78983649700831 189.48571840289023 387.44636763961478  1.0383466998475159 266.78370273606794 187.95184085231622 387.99658581382067  1.0383466998475068 
2 181.67691384885788 435  1.0367296232096115 2.0001533848080442 181.67700616353218 435.36594608336873  1.0367296232096201 2.0414942375778367 181.6859991714025 435.69263890030339  1.0367296232095824 2.1184305280869182 181.70262844588694 435.98439036526179  1.0367296232096612 2.2255903992910646 181.72568062533836 436.24837275353246  1.0367296232095609 2.3632149349076599 181.75517985813531 436.50217284681275  1.0367296232096421 2.5439583957547427 181.79375475440844 436.75142590124455  1.036729623209603 3.0024046057908436 181.89115177235277 437.24036671247961  1.0367296232096166 3.670395127449666 182.03198218469953 437.70263893044245  1.0367296232096095 4.0605751738289655 182.11396704845717 437.92514345491429  1.0367296232096086 4.5076613091202944 182.2075709924533 438.13500659622787  1.0367296232096181 5.0104919447867076 182.31245051063948 438.32940928851485  1.0367296232096062 5.5673411570532494 182.42814943475148 438.50678758248227  1.0367296232096135 7.3954788944136425 182.80649441368024 438.98411359635486  1.0367296232096088 9.6819223780418184 183.27475120519529 439.29077843238076  1.0367296232096128 11.397197315330658 183.62350677579269 439.41370727569029  1.0367296232096088 13.292148936481595 184.0058032820582 439.45603535590152  1.0367296232096128 15.357634702367235 184.4190471036076 439.4196710631806  1.0367296232096099 17.585660576961843 184.86086783238113 439.30664726463186  1.0367296232096153 24.733582858882301 186.26492868205267 438.74619611561093  1.0367296232095977 33.207246256702902 187.8842824996326 437.54728673709855  1.0367296232096337 39.386836230088676 189.04117537153917 436.48764796986649  1.036729623209554 46.043294355554622 190.25808134722305 435.19321981872434  1.0367296232096865 53.124838716352329 191.51665991551766 433.69226841934284  1.0367296232095531 60.580374157534024 192.7983617844753 432.01393189396987  1.036729623209635 72.618879999520175 194.792915877832 429.17829156860267  1.0367296232095986 85.289367052562824 196.77759382021199 425.98813144216319  1.0367296232096137 89.845471016212471 197.47526120840877 424.82114180628389  1.0367296232096139 94.464580931334581 198.16509606373097 423.62119099388343  1.0367296232096099 99.138043889409346 198.84445309489061 422.39197074787421  1.0367296232096102 103.8570749075004 199.51080191836351 421.13679165316319  1.0367296232096108 113.02821826324188 200.76542121879686 418.67386526083112  1.0367296232096168 122.30685914446983 201.94944231655484 416.15010349244073  1.0367296232096033 126.79112336991112 202.50159681959701 414.92198543890714  1.0367296232096386 131.28552686840175 203.03403796347774 413.68283285068424  1.0367296232095782 135.78316041394135 203.5446113406596 412.43571900393511  1.036729623209633 140.27734966269927 204.0309446640419 411.18446401954407  1.0367296232096062 149.79951892418256 205.00688282819752 408.52769624351367  1.0367296232096146 159.24710243877186 205.85080237446221 405.89103757780663  1.0367296232096119 164.21483240758616 206.25736668013599 404.50584598039927  1.0367296232096048 169.14193309206502 206.62095753494734 403.13486173769536  1.0367296232096166 174.01851546998876 206.93855205457575 401.78246597448663  1.0367296232096133 178.83460571056116 207.20718854790215 400.45288277934304  1.0367296232096068 192.24339304578314 207.81975425622161 396.77192825703497  1.0367296232096248 205.00777332207218 207.99590519843161 393.33672494975139  1.0367296232095888 212.92605405524722 207.90828508275516 391.25085401161675  1.0367296232096621 220.45422494662222 207.60016315365726 389.32838742169019  1.0367296232095533 227.52993100420656 207.05479166780688 387.59739788964788  1.0367296232096526 234.08799649728826 206.25571766123184 386.0859184311459  1.0367296232095966 243.0428174865911 204.65510280359055 384.19052574488325  1.0367296232096164 250.50144280979626 202.45521403160029 382.90711190365505  1.0367296232096159 252.8117723986976 201.65547743149412 382.55035143159103  1.036729623209578 254.93660981226645 200.79095755152539 382.26711381983137  1.036729623209661 256.86568175076354 199.86383255006976 382.05986691813928  1.036729623209576 258.58935690577744 198.87971319121223 381.92965441636829  1.0367296232096213 261.61468233902951 196.81641209002402 381.82030255134561  1.0367296232096088 263.81169217422507 194.58238663940341 382.0027183427145  1.036729623209609 264.70757941465291 193.42728666326491 382.16421282208773  1.0367296232096188 265.40880748824236 192.23472732202521 382.39375807148747  1.0367296232096057 265.95168813054613 190.99103898749294 382.68606397922474  1.0367296232096161 266.33631620912274 189.63939714492608 383.06180277856885  1.036729623209607 266.54081344648887 188.15963708444349 383.53480404512055  1.0367296232096126 266.54394559507728 186.53938251205128 384.11588841802234  1.0367296232096115 

0 6
6.2831853071795862 6

0 9
0.043749999999999997 6
0.087499999999999994 6
0.17499999999999999 6
0.34999999999999998 6
0.44587906906223113 6
0.53488718332662721 6
0.63488718332662719 6
0.8174435916633136 6
0.9087217958316568 6
1 9

10 0 6.2831853071795862 0 90
2 0 185 345 0 0 1 1 0 -0 -0 1 0 1.5
10 0 6.2831853071795862 0 16.000000000000011
2 270.16252954107665 187.0168347667902 385.42767770678546 0 -0.93969262078590787 0.34202014332567021 -0.17272040459596835 -0.33687988630434018 -0.92556988068961055 0.98497089390306614 -0.059073857535180845 -0.16230408965798787 2.0000000000000004
9 1 1 1 0 6 8 6 63 2 11 1.5 185 435  1.6690784610682365 1.5 185.0000692360058 435.34444236665718  1.6690784610682456 1.5387730884546045 185.00851685385217 435.64803160230775  1.6690784610682032 1.6100352549546528 185.02393370728095 435.91584501062994  1.6690784610682954 1.7078262156740891 185.04498448437755 436.15628371996019  1.6690784610681793 1.8329415754453464 185.07182123407762 436.38968370416728  1.6690784610682687 2.0002663837251475 185.10754951188142 436.62214794071951  1.669078461068229 2.4319313034325774 185.19928082919262 437.08417854344333  1.6690784610682401 3.0759499357757534 185.33506635020561 437.53087147379455  1.6690784610682368 3.455501653681381 185.41482127485426 437.74790825394962  1.6690784610682263 3.8934423314604487 185.50651149237774 437.95387251991087  1.6690784610682481 4.3884747588090818 185.60976313229676 438.14544357779886  1.6690784610682301 4.9386844469618723 185.72407962253379 438.32078004248854  1.6690784610682388 6.7499584604630058 186.09892406186344 438.79366121026158  1.6690784610682314 9.027410524087415 186.56534954172182 439.09970312154735  1.6690784610682408 10.739061335925584 186.91338934969184 439.22280706175502  1.6690784610682252 12.632043032201679 187.29533078839512 439.26583785067692  1.6690784610682492 14.696855230503189 187.70850969175117 439.23070939150182  1.6690784610682257 16.925311170012264 188.1505158594162 439.11938966986071  1.6690784610682439 24.077284176426375 189.5557581231738 438.5654457351153  1.6690784610682199 32.56222381576876 191.17787908075647 437.37626813304786  1.6690784610682603 38.751524852201655 192.33705500769798 436.32360351285905  1.6690784610681766 45.41952873354397 193.55644021405277 435.0355336250563  1.6690784610683127 52.513397873363019 194.81741135989813 433.53641027578078  1.669078461068179 59.980510979944697 196.10093221275488 431.85049570044947  1.6690784610682579 72.035420176527879 198.09703338364167 428.98936880347128  1.6690784610682277 84.73030020735122 200.08550146566813 425.79261556425348  1.6690784610682341 89.29554604497568 200.78456848707876 424.62323110472295  1.6690784610682541 93.924121364712647 201.47577271305886 423.42000273846185  1.6690784610682132 98.607445996491023 202.15648601919256 422.18686311825417  1.6690784610682525 103.33692357749251 202.82423843106474 420.9277074211509  1.6690784610682299 112.52948177848123 204.0816712535227 418.4570696000568  1.6690784610682452 121.83064521558163 205.26806923076515 415.91962661421371  1.6690784610682274 126.326561701759 205.82148421562326 414.68553669049942  1.6690784610682632 130.8337493860956 206.35539208057682 413.44199640726498  1.669078461068207 135.34539869915801 206.8676391238962 412.19215493190308  1.6690784610682539 139.85475315668006 207.35579300870333 410.93922236141884  1.669078461068233 149.41116406350085 208.33569306265883 408.27896680518757  1.6690784610682352 158.89646571026975 209.18317503293349 405.63417337661502  1.6690784610682436 163.88533429536193 209.59153088595264 404.24364961234323  1.6690784610682075 168.83494007823199 209.95680907164402 402.86637304757284  1.6690784610682727 173.73561583343044 210.27597132728778 401.50681029890995  1.6690784610682163 178.57768951069306 210.54604625595749 400.16941151241031  1.6690784610682363 192.06636958316545 211.16228564125439 396.46564588241574  1.6690784610682492 204.93291931502279 211.34078092852207 393.00942249005095  1.6690784610682097 212.92772063133361 211.25314184688122 390.9072710362675  1.6690784610682978 220.54583551473399 210.94298579349604 388.96338276476712  1.6690784610681695 227.72862909982553 210.39116384375583 387.20506264841941  1.6690784610682774 234.41748929719353 209.57885434856954 385.65952798670725  1.669078461068227 243.62221462455341 207.9416392579148 383.70112506483406  1.669078461068233 251.45342012627611 205.6332428095302 382.34379584241407  1.6690784610682499 253.90394999939673 204.78681191337074 381.9615391515062  1.6690784610681724 256.18736226124599 203.8609749955279 381.65288440606435  1.6690784610683238 258.29644323592538 202.85327721435306 381.42124333379081  1.6690784610681804 260.22399191600289 201.76112863939849 381.27007253190948  1.6690784610682483 263.70143795152262 199.40238638471297 381.13576859095934  1.6690784610682392 266.39308566817738 196.68397563885566 381.35200683685451  1.6690784610682237 267.534816229684 195.2321647132496 381.55138174590905  1.6690784610682781 268.46469031653322 193.68515171285685 381.84563453785023  1.6690784610681861 269.17390889270865 192.04064274617491 382.23857887121324  1.6690784610682747 269.65467340265559 190.29808277441902 382.73311658305363  1.6690784610682161 269.90013397069669 188.4557196450391 383.3323088474786  1.6690784610682428 269.90344893418251 186.51151493733371 384.03932288575101  1.6690784610682365 
1.5000000000000284 187.4923146133566 435  1.0367296232096121 1.4998849613942014 187.49238384936243 435.29137829578787  1.0367296232096206 1.5325743924747428 187.4995402709684 435.53716011373535  1.0367296232095828 1.5898962903919767 187.51197864664172 435.74417240049331  1.0367296232096641 1.6641609755697289 187.52800311484077 435.92374448140367  1.0367296232095582 1.7569808401988496 187.54796440319606 436.1032644930699  1.0367296232096452 1.8888372828597824 187.57616690616408 436.29061822345773  1.0367296232096035 2.2481790487231308 187.65259531057438 436.67910633675797  1.0367296232096161 2.8245134683239712 187.77413462901609 437.08135049094454  1.0367296232096133 3.1731897532720268 187.84741050248857 437.28234064668487  1.0367296232095973 3.5837292474384128 187.93336652173701 437.47658684684973  1.036729623209635 4.0546107168932508 188.03157731638666 437.65946827821824  1.0367296232095953 4.5835016222609681 188.1414566095298 437.82838140764648  1.0367296232096175 6.3383841871477387 188.50460255130275 438.28688757692424  1.0367296232096055 8.5790490786683193 188.96352222428357 438.58961734053196  1.0367296232096177 10.272197395809954 189.30785863286087 438.71215571222746  1.0367296232096022 12.150773243088224 189.68700979552591 438.75567929983293  1.0367296232096228 14.204248722436532 190.09811052379686 438.72183481819104  1.0367296232096046 16.423861801614748 190.53863615141785 438.61228378933737  1.0367296232096161 23.555141405388198 191.94087449691315 438.06499062648709  1.0367296232096026 32.033932551820669 193.56355067548489 436.88520955595249  1.036729623209625 38.222824616213103 194.7239650186574 435.83893273506072  1.0367296232095793 44.893275149693906 195.94503057875929 434.55666763655347  1.0367296232096546 51.9913731161177 197.20739948643043 433.05991987973027  1.03672962320958 59.463124997443217 198.4910546727842 431.3693619524995  1.0367296232096235 71.525332311094019 200.48515123060673 428.49089999401212  1.036729623209609 84.234200989068185 202.47574020528671 425.29030192413245  1.0367296232096079 88.804904650293309 203.17563766876356 424.11948199820364  1.0367296232096324 93.43930787142213 203.8675919600295 422.91414916733891  1.0367296232095884 98.128866068386856 204.54901222202349 421.67841344132847  1.0367296232096259 102.86510132744559 205.21753771686528 420.41659574699963  1.036729623209607 112.07179088257004 206.47660808579224 417.94074742740395  1.0367296232096199 121.38829228905085 207.66378780413285 415.39367850607408  1.0367296232096033 125.89224883323246 208.21776654438077 414.15540919771223  1.036729623209639 130.40833464921567 208.75260121217002 412.90881071755132  1.0367296232095791 134.92980344917837 209.2661482265369 411.6570652540276  1.0367296232096335 139.449859024945 209.75586445825482 410.40296061842486  1.0367296232096068 149.03063856748065 210.73924198720252 407.74028514303092  1.0367296232096155 158.54317676571341 211.58955419250029 405.08961770835236  1.0367296232096124 163.54740556306393 211.99927303979376 403.69521682885414  1.0367296232096055 168.51345426958591 212.36578229090304 402.31334303267698  1.036729623209619 173.43181736648853 212.68604570122071 400.94852447609304  1.0367296232096113 178.293043291782 212.95711486283119 399.60537415143267  1.0367296232096097 191.84081360588195 213.5759830596821 395.88475142944958  1.0367296232096195 204.7834902120494 213.75691558019756 392.41271598801768  1.0367296232095995 212.83556413709223 213.66968202460174 390.29827552348775  1.0367296232096384 220.52126031318045 213.3582163307378 388.33823187914925  1.0367296232095864 227.78475093712493 212.8014851264561 386.55933102075392  1.0367296232096264 234.57236931168035 211.97888850612509 384.98817333779328  1.0367296232096099 243.96603455329281 210.31329944652177 382.98235813900851  1.0367296232096073 252.07931670038229 207.92184338497276 381.56937453853402  1.036729623209623 254.63602262821345 207.03973878436747 381.1679149657453  1.0367296232095589 257.03956025334975 206.06714554854642 380.84011125819387  1.0367296232096888 259.28504165927484 204.99810833412835 380.59008480299019  1.0367296232095571 261.36712277284903 203.82382716584945 380.42311484623298  1.0367296232096281 265.18740334773105 201.24067105603297 380.27002655771503  1.0367296232096055 268.2544665040233 198.15457235811093 380.5119544832603  1.0367296232096119 269.58289483700867 196.47755308365353 380.74005329517877  1.0367296232096177 270.686559146847 194.66148788388381 381.08335682908631  1.0367296232096055 271.52246202030517 192.71262915563409 381.55260880484929  1.0367296232096197 272.07676965603645 190.67307316609126 382.13725754066439  1.0367296232096053 272.35402547125801 188.55502710126035 382.83220202207633  1.0367296232096146 272.35830628678809 186.36428429893144 383.63481003128885  1.0367296232096121 
-1.5818222858221986 187.85016857486841 435  1.0383466998475064 -1.581953842014201 187.85009556216377 435.58730869468593  1.0383466998475124 -1.5159680381807163 187.86431629930379 436.15746058968142  1.0383466998474842 -1.3810571948493475 187.89333178812939 436.70787253449748  1.0383466998475452 -1.1745736493435572 187.9376058065684 437.23380401969922  1.0383466998474684 -0.89808237750233388 187.99667316285019 437.72264476311335  1.0383466998475277 -0.56254052797160625 188.06809781644918 438.17076792162788  1.0383466998475019 0.21571212859012689 188.2331699060976 438.9872179787555  1.0383466998475073 1.1908159489885861 188.43864683408523 439.65234346421187  1.0383466998475093 1.7232900677706198 188.55049396547179 439.94920261782903  1.0383466998474891 2.2987140776522779 188.67095586841756 440.21403634479191  1.0383466998475295 2.9165397235310877 188.79983585853984 440.44962993145862  1.0383466998474911 3.5766478141618734 188.93702295568974 440.65782387667241  1.0383466998475115 5.6829273215836338 189.37305361836297 441.20500609787229  1.0383466998474964 8.1652143557008543 189.88129219882092 441.53064067482831  1.0383466998475188 9.9854252763519185 190.25112040592921 441.65882502660332  1.0383466998474786 11.968180816059487 190.65061344852799 441.70270070388045  1.0383466998475372 14.109044246014122 191.0780944970023 441.66610584340287  1.0383466998474868 16.402710738963535 191.531717887159 441.55277663485577  1.0383466998475133 23.726048720153202 192.96549351695651 440.99188924015311  1.0383466998474946 32.323989292419867 194.60074217015583 439.79621805524857  1.0383466998475208 38.576039187472787 195.76522872528861 438.74134841124339  1.0383466998474713 45.297897895221666 196.98800718125577 437.45140197961769  1.0383466998475519 52.437815294269001 198.25383670524815 435.94673969186556  1.0383466998474709 59.943471494182148 199.54761877126961 434.24696661280535  1.0383466998475208 72.047853807887051 201.56743743336847 431.3513883427832  1.0383466998474995 84.794119263837274 203.56426210114151 428.14119817638465  1.0383466998475053 89.377100391126859 204.26608091064722 426.96720823967843  1.0383466998475166 94.022786972453218 204.96041903144373 425.75866646222391  1.0383466998474908 98.72279541457425 205.64449049761268 424.51973564802012  1.0383466998475199 103.46885396107305 206.3154248691657 423.2549021787782  1.0383466998474991 112.69343184052966 207.57861423910992 420.77359609531982  1.038346699847517 122.02490615866891 208.77413194346607 418.21992668514031  1.0383466998474928 126.53586585726758 209.33129852699685 416.97882126380551  1.0383466998475497 131.05896176518425 209.86767244262629 415.73000762117778  1.0383466998474495 135.58746839451319 210.38105610955756 414.47668870253989  1.0383466998475461 140.11448648112204 210.86940750700518 413.22148251889553  1.0383466998474946 149.70955213076604 211.84912546292429 410.55684950894073  1.0383466998475139 159.23464696480099 212.69854214023374 407.90347259444252  1.0383466998475044 164.24513895948303 213.10829780169422 406.50751232612924  1.0383466998475019 169.21713090138178 213.47526678776345 405.12397574288082  1.0383466998475102 174.14117863000939 213.7963017713557 403.7574210333625  1.0383466998475086 179.007910294525 214.06820889413635 402.41253960775276  1.0383466998475022 192.57098040187296 214.68849370265914 398.68743176556109  1.0383466998475177 205.52869841430277 214.8641962254423 395.21351211688108  1.0383466998474875 213.58996404958052 214.7735713058126 393.09795330682482  1.0383466998475457 221.28435045683068 214.46014282864576 391.13632236267711  1.0383466998474635 228.55629343920606 213.90329357236774 389.35514695773463  1.0383466998475328 235.35265013930186 213.08218262581764 387.78098100436745  1.0383466998474997 244.7610208179216 211.42011146588746 385.76962874380945  1.0383466998475053 252.89309592006902 209.03052661863649 384.35044439070225  1.0383466998475137 255.45661635878952 208.14866621649008 383.94689096490026  1.0383466998474669 257.86758755329851 207.17567557550944 383.61704547606274  1.0383466998475617 260.12120042168459 206.10530837239972 383.36511681660045  1.0383466998474709 262.21209638223849 204.92836215416398 383.19653935764666  1.0383466998475126 266.05083252813904 202.33626609205288 383.04133161838797  1.0383466998475119 269.13533459645021 199.23352533276861 383.28429499359714  1.0383466998474908 270.47154212916882 197.54615476174124 383.51394100326331  1.0383466998475559 271.58121096299374 195.71785471060821 383.86001322964631  1.0383466998474409 272.41943547367043 193.75598563048987 384.33341025549998  1.0383466998475588 272.97246185993009 191.70507618624706 384.92268190785558  1.0383466998474793 273.24546687203059 189.5781058112739 385.6222610604334  1.0383466998475144 273.24307561524523 187.38134842624865 386.42917075523025  1.0383466998475064 
-4.123675381512669 185 435  0.85353433019614966 -4.1236753815131237 184.99980966212487 435.89835614606932  0.85353433019615133 -4.0225494677829374 185.02148646976633 436.80899837061486  0.85353433019614311 -3.806051376960454 185.06793344370362 437.71937411406049  0.85353433019616076 -3.4608248078959036 185.14185062547259 438.60779323422253  0.853534330196139 -2.992086187295655 185.24184912772856 439.41975530311026  0.85353433019615588 -2.443785472453186 185.35842052825302 440.13988806398015  0.85353433019614777 -1.2287472795071892 185.61591736201163 441.40212767851347  0.85353433019615033 0.16067521436124821 185.90860393711546 442.34016953180975  0.85353433019615044 0.88370882643280879 186.0604408360071 442.7363513582207  0.85353433019614455 1.6297083003238129 186.21659941975867 443.07419320055135  0.85353433019615521 2.399210602903878 186.37713661498847 443.36422957640764  0.853534330196146 3.1944496715942705 186.54244666935307 443.61292821068184  0.85353433019615199 5.6617240044699884 187.05335545251313 444.251390835677  0.85353433019614322 8.3897240510929407 187.61174411809185 444.60009700953577  0.85353433019615776 10.338085116600794 188.00727140204933 444.73365185587772  0.85353433019613234 12.424947225717077 188.42706355576331 444.77719601664364  0.85353433019616654 14.652194312649343 188.87067758694113 444.7367122832336  0.85353433019613945 17.018099012233819 189.33697232178463 444.61803476808319  0.8535343301961531 24.525959881866541 190.80055052731228 444.03754166898386  0.85353433019614533 33.229933040115483 192.44546812549552 442.81690598866294  0.85353433019615343 39.534590944894319 193.61175050423822 441.74688762082314  0.85353433019614044 46.295762852704854 194.83382111690648 440.44328001593971  0.85353433019615854 53.464835643706436 196.1007409316405 438.9290918919952  0.85353433019614555 60.992601578534391 197.40270600649779 437.22757820737911  0.85353433019614999 73.122559081195931 199.44626981605964 434.33975958947491  0.85353433019615177 85.882015194335878 201.44556102999204 431.12651017698624  0.85353433019614455 90.468234819928171 202.14791651948627 429.95171722128856  0.85353433019616898 95.115872930604567 202.84327420776458 428.74318459253016  0.85353433019612468 99.816633806751895 203.52864017354545 427.50489481271842  0.85353433019616709 104.56226624447839 204.20058572270312 426.24093342903245  0.85353433019614278 113.7837643258684 205.46510580154592 423.7617015361642  0.85353433019615776 123.10823148679408 206.66651402095823 421.21473612922205  0.85353433019614122 127.61482068737178 207.22559843836163 419.97656593267578  0.85353433019617342 132.13246892290243 207.76207227547582 418.72978471938308  0.85353433019612113 136.65438799908031 208.27368064054343 417.47757088180492  0.8535343301961692 141.17364378427291 208.75893464240437 416.22293530977134  0.85353433019614322 150.74973902890514 209.73124561927955 413.55974170575848  0.85353433019615454 160.25081767457186 210.57635189390197 410.91154308860592  0.85353433019614722 165.24709076483737 210.98441780872713 409.51918960649016  0.85353433019614888 170.20323351008793 211.35021236393396 408.14008332053766  0.85353433019615077 175.10964828228151 211.67049406595282 406.77872952621408  0.85353433019615077 179.95675071735263 211.94183759931818 405.43967879846645  0.85353433019614655 193.45786753010103 212.55997323065159 401.73214547428466  0.85353433019615943 206.33191875549346 212.72828629945494 398.27662669479344  0.85353433019613278 214.32848708497363 212.63435244272981 396.17565432343275  0.85353433019618719 221.94475292373431 212.3209578611044 394.23310241202824  0.85353433019610814 229.12182695782019 211.7702067585017 392.47602406047378  0.85353433019617631 235.80075725944914 210.96330362017454 390.93171339306548  0.85353433019614144 244.98281301585348 209.33994217921622 388.97562892815324  0.85353433019615188 252.77440517602855 207.05672263861089 387.62156656865687  0.85353433019615255 255.20955104960728 206.22008417200178 387.24052035884074  0.85353433019612845 257.47505412357998 205.30577263301919 386.93315698696341  0.85353433019617975 259.56323520958222 204.31171936478412 386.70286192252598  0.85353433019613112 261.46638029218769 203.23622708532241 386.55289728346366  0.85353433019615277 264.88767823813782 200.91996967374121 386.4196474535467  0.85353433019615277 267.51278619959032 198.26752809885301 386.63104425848871  0.85353433019614222 268.61979572940186 196.85583477507515 386.82571656615005  0.85353433019617042 269.51509226502469 195.35698975423657 387.11216991930735  0.85353433019612579 270.19535495844548 193.76848190868998 387.49268483261329  0.8535343301961672 270.654512523866 192.08301980135641 387.97204852456287  0.85353433019614044 270.88388564360559 190.29660300086658 388.55461017748064  0.85353433019615232 270.8747724213938 188.40601806047022 389.24442743765479  0.85353433019614966 
-1.5818222858222271 182.14983142513159 435  1.0383466998475068 -1.5816907296298552 182.14975841242702 435.70867503137208  1.038346699847515 -1.5017905917305256 182.16693232965761 436.41104208447717  1.0383466998474784 -1.3349960405903971 182.20276009142395 437.1005162849732  1.0383466998475557 -1.0747039984715343 182.25853011248665 437.76565985090599  1.0383466998474586 -0.72434756940799616 182.33332278992782 438.37773303353708  1.0383466998475344 -0.30768368132129353 182.42196013956718 438.92903140627044  1.0383466998475015 0.63598403096369793 182.62203253071891 439.91368534195283  1.0383466998475066 1.7658928788978869 182.86009288831235 440.68047255529598  1.0383466998475124 2.3689842369884389 182.98675868501314 441.01403300207664  1.0383466998474797 3.0070793013576065 183.12033565107262 441.30566789026551  1.0383466998475437 3.6801421960584548 183.26074489091323 441.56113609493053  1.0383466998474806 4.3890098810319103 183.40808059422207 441.78402127391382  1.0383466998475148 6.6242659902563332 183.87086766231104 442.36408150237344  1.0383466998474951 9.1906913922423996 184.39627326877491 442.69729151075887  1.0383466998475199 11.053220588971158 184.77457176491791 442.82676941158377  1.038346699847478 13.068924696155008 185.18044663189431 442.86951797648692  1.038346699847539 15.235717083821697 185.61268081168657 442.82998644629805  1.038346699847486 17.54960866592161 186.06969044263673 442.71261194381174  1.0383466998475142 24.92027589326689 187.51033653203604 442.13651313001066  1.0383466998474939 33.532279089230656 189.14431530268757 440.91935051802534  1.0383466998475228 39.785264371217977 190.30596939437069 439.84987091689754  1.0383466998474684 46.501527179469292 191.52490460244312 438.54664796877881  1.038346699847557 53.631772550254041 192.78753721316539 437.03655230683188  1.0383466998474675 61.126819102464694 194.08101203618477 435.34739934418394  1.0383466998475224 73.214509411229642 196.10541558105081 432.49146923679166  1.0383466998475002 85.928780509563509 198.09738941533817 429.29007283621144  1.0383466998475044 90.499278688489994 198.79730886601652 428.11936604939075  1.0383466998475241 95.131635892121693 199.4899314630226 426.91563753174512  1.0383466998474808 99.817387136129796 200.17238600381089 425.68264444236689  1.0383466998475286 104.54798975139467 200.84155220631052 424.42389940256948  1.0383466998474968 113.74024687867816 202.10099623570977 421.95451059392803  1.0383466998475193 123.03664071532758 203.29472596843553 419.42285729574417  1.0383466998474924 127.52921146692807 203.85060314982766 418.19131082071658  1.0383466998475495 132.03195587101939 204.38485731355837 416.94949178200352  1.0383466998474526 136.53800370414731 204.89526773095827 415.70052760028119  1.0383466998475444 141.04054655735445 205.38004578173107 414.44800212408069  1.0383466998474957 150.57987709285578 206.35181017521492 411.78890387086511  1.0383466998475139 160.04267741346663 207.194753635316 409.14896178319157  1.0383466998475051 165.01803805350474 207.6013919026654 407.7618691208549  1.0383466998475013 169.95242230011581 207.96554523781523 406.38884716879699  1.0383466998475122 174.83601614284203 208.28406169791756 405.03431336425882  1.0383466998475075 179.65894343756989 208.55369484495853 403.70258666095765  1.0383466998475033 193.08686435559505 209.16796712517498 400.0160337857771  1.0383466998475155 205.87046757232088 209.33809529103272 396.57827891750952  1.0383466998474926 213.80074124637579 209.24654286603672 394.49082711453582  1.0383466998475355 221.3405580213161 208.93610975399397 392.56614618924516  1.0383466998474795 228.42793348323033 208.39048877760223 390.83204235698031  1.0383466998475219 234.9984138420032 207.59290619352711 389.31648050565229  1.0383466998475042 243.97464757992714 205.99573100957733 387.41356799101635  1.0383466998475024 251.46156658017117 203.79611728235494 386.121674437021  1.0383466998475173 253.782244760612 202.99584856274862 385.76204118902291  1.0383466998474582 255.91846931304099 202.12979738074509 385.47599255453048  1.0383466998475732 257.86011175793271 201.19972364146591 385.26611431709495  1.0383466998474644 259.59756639658633 200.21062829503418 385.13367214740197  1.0383466998475146 262.65218305353875 198.13180396373261 385.02142732851348  1.0383466998475126 264.87804770677724 195.87002657297026 385.20563414285834  1.0383466998474897 265.78724645142916 194.69774487174644 385.36958381960392  1.0383466998475626 266.49942820274191 193.48481185297271 385.6034688585608  1.0383466998474313 267.04790470077984 192.21904118799051 385.90233764209376  1.0383466998475679 267.43272575302223 190.84741092641647 386.28551042763166  1.0383466998474757 267.63300975802537 189.35097317765292 386.7660883687517  1.0383466998475159 267.6284094373201 187.71808933093473 387.35435878706187  1.0383466998475068 
1.4999999999999716 182.5076853866434 435  1.0367296232096115 1.5001150386063102 182.5077546226492 435.39750643752637  1.0367296232096201 1.5449717844331019 182.51749343673598 435.75890309088055  1.0367296232095824 1.6301742195205691 182.53588876792014 436.08751762076588  1.0367296232096612 1.7514914557732766 182.56196585391436 436.38882295851732  1.0367296232095609 1.9089023106961349 182.59567806495915 436.6761029152641  1.0367296232096421 2.1116954845892337 182.63893211759873 436.95367765798153  1.036729623209603 2.6156835581423366 182.74596634781085 437.48925075012852  1.0367296232096166 3.3273864032286156 182.89599807139521 437.98039245664467  1.0367296232096095 3.7378135540857897 182.98223204721958 438.21347586121419  1.0367296232096086 4.2031554154899879 183.07965646301881 438.43115819297196  1.0367296232096181 4.7223388007192 183.18794894820672 438.63141887737964  1.0367296232096062 5.2938672716643396 183.30670263553785 438.8131786773306  1.0367296232096135 7.1615327337776193 183.69324557242416 439.30043484359862  1.0367296232096088 9.4757719695059848 184.16717685915995 439.6097889025632  1.0367296232096128 11.205925276044312 184.51892006652318 439.73345841128133  1.0367296232096088 13.113312821310089 184.90365178126396 439.7759964015226  1.0367296232096128 15.18946173857401 185.31890885970577 439.73958396481146  1.0367296232096099 17.426760538408487 185.76239556741444 439.62649555038428  1.0367296232096153 24.599426947465417 187.17064174943451 439.06590084374352  1.0367296232095977 33.090515079716681 188.79220748602799 437.86732671014295  1.0367296232096337 39.280225088189511 189.95014499673863 436.8082742906584  1.036729623209554 45.945782317395356 191.16784984934617 435.51439961355806  1.0367296232096865 53.035422630607044 192.42742323336591 434.01290067183186  1.0367296232095531 60.497896962446902 193.71080975272554 432.33162944839921  1.036729623209635 72.545508041961284 195.70891553667664 429.48783761293072  1.0367296232095986 85.226399425634554 197.69526272604961 426.29492920437445  1.0367296232096137 89.786187439657198 198.3934993053939 425.12698021124231  1.0367296232096139 94.408934858004457 199.08395346608836 423.92585630958462  1.0367296232096099 99.086025924594168 199.76395981636156 422.69531279517986  1.0367296232096102 103.80874582753977 200.43093914526429 421.43881909530211  1.0367296232096108 112.9871726743923 201.68673442125311 418.97339177270959  1.0367296232096168 122.27299814211244 202.87235065739756 416.44557472235334  1.0367296232096033 126.76087457028558 203.42520188686561 415.21566418328655  1.0367296232096386 131.25916412297556 203.9581829489839 413.9751820969787  1.0367296232095782 135.76099394913763 204.46913002125538 412.72724460977867  1.036729623209633 140.25964728841518 204.95572155915193 411.47548410441289  1.0367296232096062 149.79168955952096 205.93214413811506 408.81764846734433  1.0367296232096146 159.24975465482618 206.77679587336689 406.17872904487763  1.0367296232096119 164.2232630276599 207.18378873211111 404.79208239583261  1.0367296232096048 169.15642588687825 207.5478358523855 403.41940306246818  1.0367296232096166 174.03941430037213 207.86589695335445 402.06509612172709  1.0367296232096133 178.8623357296041 208.13497764908388 400.73344887338794  1.0367296232096068 192.2919255604491 208.74858822282667 397.04654033538196  1.0367296232096248 205.08234841799549 208.9246462768466 393.60612899208428  1.0367296232095888 213.01987712557693 208.83660166916073 391.51626654904697  1.0367296232096621 220.57041071628498 208.5277552562541 389.58853365038533  1.0367296232095533 227.67250726252735 207.98084256105568 387.8507942760848  1.0367296232096526 234.26260928270671 207.17882019101395 386.33088263562115  1.0367296232095966 243.27839469581406 205.56997906930786 384.41989199065961  1.0367296232096164 250.82752355216965 203.34464223408762 383.11821714629417  1.0367296232096159 253.17187737058248 202.53388504237424 382.75516333726682  1.036729623209578 255.33516426913801 201.65480444250917 382.46565755393584  1.036729623209661 257.3078448125799 200.70844609457791 382.25240186459013  1.036729623209576 259.08086105915481 199.69843011294745 382.11703021758655  1.0367296232096213 262.21547255531641 197.564101713393 382.00151062420326  1.0367296232096088 264.53170483232975 195.21337891960039 382.1920591904493  1.036729623209609 265.48673762236331 193.98677634284545 382.36271019663809  1.0367296232096188 266.24282148621364 192.7088155418304 382.60791224661574  1.0367296232096057 266.82535576511702 191.36865633671536 382.92454893757588  1.0367296232096161 267.23257714927229 189.9230923827468 383.32897562544355  1.036729623209607 267.44624247013616 188.35641218881787 383.8324156728807  1.0367296232096126 267.44859158157703 186.65874557573602 384.4438357402131  1.0367296232096115 

0 6
6.2831853071795862 6

0 9
0.043749999999999997 6
0.087499999999999994 6
0.17499999999999999 6
0.34999999999999998 6
0.44587906906223113 6
0.53488718332662721 6
0.63488718332662719 6
0.8174435916633136 6
0.9087217958316568 6
1 9

1 270.16252954107665 171.98175283421565 390.89999999999617 5.7680180655754998e-15 -0.93969262078590621 0.34202014332567465 0 -0.34202014332567465 -0.93969262078590621 1 5.4201640127810946e-15 -1.9727783654932132e-15 
10 0 6.2831853071795862 0 16.000000000000011
2 270.16252954107665 187.0168347667902 385.42767770678546 0 -0.93969262078590787 0.34202014332567021 -0.17272040459596835 -0.33687988630434018 -0.92556988068961055 0.98497089390306614 -0.059073857535180845 -0.16230408965798787 1.5000000000000004
1 270.16252954107665 171.98175283421565 390.89999999999623 -1.2613173737733343e-14 -0.93969262078590565 0.34202014332567648 7.8886090522101163e-31 -0.34202014332567648 -0.93969262078590565 1 -1.1852506286038599e-14 4.3139594895712167e-15 
Triangulations 0

TShapes 63
Ve
1e-07
2 -35.880961 307.660258
0 0

0101101
*
Ve
0.00010569471345564
2 -35.880961 347.660258
0 0

0101101
*
Ed
 1e-07 1 1 0
1  1 0 0 40
3  1 2G1 1 0 0 40
0

0101000
+63 0 -62 0 *
Ed
 1e-07 1 1 0
1  2 0 0 6.28318530717959
2  3 1 0 0 6.28318530717959
2  4 2 0 0 6.28318530717959
0

0101000
+63 0 -63 0 *
Ed
 0.00010569471345564 1 1 0
1  3 0 0 6.28318530717959
2  5 1 0 0 6.28318530717959
2  6 3 0 0 6.28318530717959
4 G1 3 0 1 0
0

0101100
+62 0 -62 0 *
Wi

0101100
+61 0 +60 0 -61 0 -59 0 *
Fa
0  1e-07 1 0

0101000
+58 0 *
Wi

0101100
+60 0 *
Ve
1e-07
1.5 -35.880961 307.660258
0 0

0101101
*
Ed
 1e-07 1 1 0
1  4 0 0 6.28318530717959
2  7 4 0 0 6.28318530717959
2  8 5 0 0 6.28318530717959
2  9 2 0 0 6.28318530717959
0

0101000
+55 0 -55 0 *
Wi

0101100
-54 0 *
Fa
0  1e-07 2 0

0101000
+56 0 +53 0 *
Ve
4.39591537490766e-05
2 185 345
0 0

0101101
*
Ed
 1e-07 1 1 0
1  5 0 0 1
3  10 11G1 3 0 0 1
0

0101000
+62 0 -51 0 *
Ed
 4.39591537490766e-05 1 1 0
1  6 0 0 6.28318530717959
2  12 3 0 0 6.28318530717959
2  13 6 0 0 6.28318530717959
4 G1 6 0 3 0
0

0101100
+51 0 -51 0 *
Wi

0101100
+50 0 +59 0 -50 0 -49 0 *
Fa
0  1e-07 3 0

0101000
+48 0 *
Ve
7.92710350993962e-05
1.5 -35.880961 347.660258
0 0

0101101
*
Ed
 1e-07 1 1 0
1  7 0 0 40
3  14 15G1 4 0 0 40
0

0101000
+55 0 -46 0 *
Ed
 7.92710350993962e-05 1 1 0
1  8 0 0 6.28318530717959
2  16 4 0 0 6.28318530717959
2  17 7 0 0 6.28318530717959
4 G1 7 0 4 0
0

0101100
+46 0 -46 0 *
Wi

0101100
+45 0 +54 0 -45 0 -44 0 *
Fa
0  1e-07 4 0

0101000
+43 0 *
Ve
0.000105694713457885
2 185 435
0 0

0101101
*
Ed
 1e-07 1 1 0
1  9 0 0 90
3  18 19G1 6 0 0 90
0

0101000
+51 0 -41 0 *
Ed
 0.000105694713457885 1 1 0
1  10 0 0 6.28318530717959
2  20 6 0 0 6.28318530717959
2  21 8 0 0 6.28318530717959
4 G1 8 0 6 0
0

0101100
+41 0 -41 0 *
Wi

0101100
+40 0 +49 0 -40 0 -39 0 *
Fa
0  1e-07 6 0

0101000
+38 0 *
Ve
3.29693654640935e-05
1.5 185 345
0 0

0101101
*
Ed
 1e-07 1 1 0
1  11 0 0 1
3  22 23G1 7 0 0 1
0

0101000
+46 0 -36 0 *
Ed
 3.29693654640935e-05 1 1 0
1  12 0 0 6.28318530717959
2  24 7 0 0 6.28318530717959
2  25 9 0 0 6.28318530717959
4 G1 9 0 7 0
0

0101100
+36 0 -36 0 *
Wi

0101100
+35 0 +44 0 -35 0 -34 0 *
Fa
0  1e-07 7 0

0101000
+33 0 *
Ve
4.65032929755409e-05
269.817088731885 186.343074994182 383.576537945406
0 0

0101101
*
Ed
 1e-07 1 1 0
1  13 0 0 1
3  26 27G1 8 0 0 1
0

0101000
+41 0 -31 0 *
Ed
 4.39591542699478e-05 1 1 0
1  14 0 0 6.28318530717959
2  28 8 0 0 6.28318530717959
2  29 10 0 0 6.28318530717959
4 G1 10 0 8 0
0

0101100
+31 0 -31 0 *
Wi

0101100
+30 0 +39 0 -30 0 -29 0 *
Fa
0  1e-07 8 0

0101000
+28 0 *
Ve
7.92710351846457e-05
1.5 185 435
0 0

0101101
*
Ed
 1e-07 1 1 0
1  15 0 0 90
3  30 31G1 9 0 0 90
0

0101000
+36 0 -26 0 *
Ed
 7.92710351846457e-05 1 1 0
1  16 0 0 6.28318530717959
2  32 9 0 0 6.28318530717959
2  33 11 0 0 6.28318530717959
4 G1 11 0 9 0
0

0101100
+26 0 -26 0 *
Wi

0101100
+25 0 +34 0 -25 0 -24 0 *
Fa
0  1e-07 9 0

0101000
+23 0 *
Ve
1.00000213980159e-07
269.817088731885 171.307993061607 389.048860238617
0 0

0101101
*
Ed
 1e-07 1 1 0
1  17 0 0 16
3  34 35G1 10 0 0 16
0

0101000
+31 0 -21 0 *
Ed
 1e-07 1 1 0
1  18 0 0 6.28318530717959
2  36 10 0 0 6.28318530717959
2  37 12 0 0 6.28318530717959
0

0101000
+21 0 -21 0 *
Wi

0101100
+20 0 +29 0 -20 0 -19 0 *
Fa
0  1e-07 10 0

0101000
+18 0 *
Ve
4.55459774825156e-05
269.903448934183 186.511514937334 384.039322885751
0 0

0101101
*
Ed
 1e-07 1 1 0
1  19 0 0 1
3  38 39G1 11 0 0 1
0

0101000
+26 0 -16 0 *
Ed
 3.29693656059999e-05 1 1 0
1  20 0 0 6.28318530717959
2  40 11 0 0 6.28318530717959
2  41 13 0 0 6.28318530717959
4 G1 13 0 11 0
0

0101100
+16 0 -16 0 *
Wi

0101100
+15 0 +24 0 -15 0 -14 0 *
Fa
0  1e-07 11 0

0101000
+13 0 *
Wi

0101100
+19 0 *
Ve
1.00000160485119e-07
269.903448934183 171.476433004759 389.511645178962
0 0

0101101
*
Ed
 1.00000028421709e-07 1 1 0
1  21 0 0 6.28318530717959
2  42 13 0 0 6.28318530717959
2  43 14 0 0 6.28318530717959
2  44 12 0 0 6.28318530717959
0

0101000
+10 0 -10 0 *
Wi

0101100
-9 0 *
Fa
0  1e-07 12 0

0101000
+11 0 +8 0 *
Ed
 1e-07 1 1 0
1  22 0 0 16
3  45 46G1 13 0 0 16
0

0101000
+16 0 -10 0 *
Wi

0101100
+6 0 +14 0 -6 0 -9 0 *
Fa
0  1e-07 13 0

0101000
+5 0 *
Sh

0101100
+57 0 -52 0 +47 0 -42 0 +37 0 -32 0 +27 0 -22 0 +17 0 -12 0 
+7 0 -4 0 *
So

0100000
+3 0 *
Co

1100000
+2 0 *

+1 0 