DBRep_DrawableShape

CASCADE Topology V3, (c) Open Cascade
Locations 0
Curve2ds 46
8 0 40
1 6.2831853071795862 0 0 1 
1 0 0 0 1 
1 0 0 1 0 
2 -1.7093001656742801e-16 0 1 0 -0 1 2
1 0 40 1 0 
7 0 0  10 74 9  5.5511151231257827e-17 0  0.079692626246174875 0  0.159077743572966 0  0.23823552444134005 0  0.31707281620149086 0  0.39594889198325783 0  0.47448214951820289 0  0.55303005477484435 0  0.63147498942711722 0  0.70986339314540359 0  0.86656682500115134 0  0.94488128721723186 0  1.0231844095660321 0  1.1014706998336257 0  1.1797631212073472 0  1.2580795035894374 0  1.336411670656791 0  1.4147510550855547 0  1.4931221809712989 0  1.6499038170693925 0  1.7283147941389052 0  1.8067616000278122 0  1.8851982499702888 0  1.9637283525887856 0  2.0421562182499442 0  2.1206488210101022 0  2.1991287487666096 0  2.2776485339836468 0  2.4347164882283159 0  2.5132645201031849 0  2.5918274372424785 0  2.6703666887290503 0  2.7488931913221624 0  2.8274296824629719 0  2.9059735943566558 0  2.9845105882523697 0  3.0630520104582333 0  3.2201332967213894 0  3.2986747189268453 0  3.3772117128239856 0  3.4557556247147505 0  3.5342921158597669 0  3.6128186184483595 0  3.6913578699385732 0  3.7699207870757623 0  3.8484688189513698 0  4.005536773195959 0  4.0840565584125734 0  4.1625364861706489 0  4.2410290889275606 0  4.3194569545934662 0  4.3979870572068736 0  4.4764237071533604 0  4.5548705130400045 0  4.6332814901103294 0  4.790063126208211 0  4.8684342520941817 0  4.9467736365224972 0  5.0251058035904528 0  5.1034221859721303 0  5.1817146073457989 0  5.2600008976138088 0  5.3383040199621776 0  5.4166184821784809 0  5.5733219140341514 0  5.6517103177524914 0  5.7301552524047974 0  5.8087031576611308 0  5.8872364151968508 0  5.9661124909774959 0  6.0449497827387484 0  6.1241075636063709 0  6.2034926809334774 0  6.2831853071795853 0 
 0 11 0.78539816339744828 9 1.5707963267948966 9 2.3561944901923448 9 3.1415926535897931 9 3.9269908169872414 9 4.7123889803846897 9 5.497787143782138 9 6.2831853071795862 11
1 0 0 1 0 
2 1.1395334437828526e-16 7.1054273576010019e-15 1 0 -0 1 1.5
2 -1.7093001656742801e-16 0 1 0 -0 1 1.5
8 0 1
1 6.2831853071795862 0 0 1 
1 0 0 0 1 
1 0 1 1 0 
7 0 0  9 10 2  4.4408920985006262e-16 0  0.68803273457486691 0  1.3994978159241018 0  2.1020888770249173 0  2.777847542842145 0  3.5053377643380732 0  4.1810964301534783 0  4.8836874912562163 0  5.595152572604591 0  6.2831853071795862 0 
 0 10 6.2831853071795862 10
8 0 40
1 6.2831853071795862 0 0 1 
1 0 0 0 1 
1 0 40 1 0 
7 0 0  10 74 9  -5.5511151231257827e-17 0  0.07969262624617518 0  0.1590777435729574 0  0.23823552444135035 0  0.31707281620146199 0  0.39594889198328359 0  0.47448214951817769 0  0.55303005477486311 0  0.631474989427113 0  0.70986339314540581 0  0.86656682500115312 0  0.94488128721721998 0  1.0231844095660694 0  1.1014706998335722 0  1.1797631212074027 0  1.2580795035894068 0  1.3364116706568059 0  1.4147510550855507 0  1.4931221809713016 0  1.6499038170693912 0  1.7283147941389045 0  1.8067616000278051 0  1.8851982499703084 0  1.963728352588715 0  2.042156218250021 0  2.1206488210100325 0  2.1991287487666389 0  2.2776485339836405 0  2.4347164882283208 0  2.5132645201031725 0  2.5918274372425096 0  2.6703666887289996 0  2.748893191322217 0  2.8274296824629226 0  2.9059735943566936 0  2.9845105882523475 0  3.063052010458247 0  3.2201332967213623 0  3.2986747189269843 0  3.3772117128236361 0  3.4557556247153403 0  3.534292115859055 0  3.6128186184489919 0  3.6913578699381797 0  3.7699207870759142 0  3.8484688189513596 0  4.0055367731959191 0  4.084056558412831 0  4.16253648617006 0  4.2410290889284301 0  4.3194569545925825 0  4.3979870572076001 0  4.4764237071529216 0  4.5548705130401954 0  4.6332814901102957 0  4.7900631262082447 0  4.8684342520940938 0  4.9467736365226838 0  5.0251058035901783 0  5.1034221859724047 0  5.1817146073455955 0  5.2600008976139048 0  5.3383040199621465 0  5.4166184821784995 0  5.5733219140341248 0  5.6517103177526558 0  5.7301552524043897 0  5.8087031576617747 0  5.8872364151960728 0  5.9661124909781744 0  6.0449497827383096 0  6.1241075636065556 0  6.2034926809334374 0  6.2831853071795871 0 
 0 11 0.78539816339744828 9 1.5707963267948966 9 2.3561944901923448 9 3.1415926535897931 9 3.9269908169872414 9 4.7123889803846897 9 5.497787143782138 9 6.2831853071795862 11
8 0 90
1 6.2831853071795862 0 0 1 
1 0 0 0 1 
1 0 90 1 0 
7 0 0  10 74 9  -5.5511151231257827e-17 0  0.079692626246173986 0  0.15907774357301413 0  0.23823552444138935 0  0.31707281620173178 0  0.3959488919832917 0  0.47448214951836554 0  0.55303005477488476 0  0.63147498942721192 0  0.70986339314548375 0  0.86656682500122295 0  0.94488128721734421 0  1.023184409566023 0  1.1014706998338049 0  1.1797631212072706 0  1.2580795035895831 0  1.3364116706567504 0  1.4147510550856073 0  1.4931221809712982 0  1.6499038170694065 0  1.7283168680866734 0  1.806752267262528 0  1.8852182487530322 0  1.9637029573088707 0  2.0421762170326714 0  2.120639488244803 0  2.1991308227143929 0  2.2776485339836601 0  2.4347164882283474 0  2.5132645201030455 0  2.5918274372428436 0  2.6703666887284392 0  2.7488931913228343 0  2.8274296824624341 0  2.905973594356968 0  2.9845105882522525 0  3.0630520104582524 0  3.2201332967213903 0  3.2986747189267884 0  3.3772117128241468 0  3.4557556247144992 0  3.5342921158600427 0  3.6128186184481228 0  3.6913578699387295 0  3.7699207870756726 0  3.8484688189514227 0  4.0055367731958782 0  4.0840544844650815 0  4.1625458189351567 0  4.2410090901458695 0  4.3194823498717838 0  4.3979670584253121 0  4.476433039917735 0  4.5548684390925649 0  4.6332814901102273 0  4.7900631262082998 0  4.8684342520939721 0  4.9467736365230444 0  5.0251058035896516 0  5.1034221859731286 0  5.181714607344972 0  5.2600008976144004 0  5.3383040199619787 0  5.4166184821786016 0  5.5733219140341337 0  5.6517103177529098 0  5.7301552524039785 0  5.808703157662638 0  5.8872364151950762 0  5.9661124909790768 0  6.044949782737695 0  6.1241075636068398 0  6.2034926809333726 0  6.2831853071795862 0 
 0 11 0.78539816339744828 9 1.5707963267948966 9 2.3561944901923448 9 3.1415926535897931 9 3.9269908169872414 9 4.7123889803846897 9 5.497787143782138 9 6.2831853071795862 11
8 0 1
1 6.2831853071795862 0 0 1 
1 0 0 0 1 
1 0 1 1 0 
7 0 0  9 10 2  4.4408920985006262e-16 0  0.68803273457489345 0  1.399497815924164 0  2.1020888770259702 0  2.7778475428380784 0  3.5053377643446817 0  4.1810964301477531 0  4.8836874912584491 0  5.5951525726046327 0  6.2831853071795853 0 
 0 10 6.2831853071795862 10
8 0 1
1 6.2831853071795862 0 0 1 
1 0 0 0 1 
1 0 1 1 0 
7 0 0  9 10 2  0 0  0.68803273457485348 0  1.3994978159243798 0  2.1020888770232622 0  2.7778475428453264 0  3.5053377643351538 0  4.181096430154069 0  4.8836874912572865 0  5.595152572604591 0  6.2831853071795862 0 
 0 10 6.2831853071795862 10
8 0 90
1 6.2831853071795862 0 0 1 
1 0 0 0 1 
1 0 90 1 0 
7 0 0  10 74 9  0 0  0.079692626246173445 0  0.15907774357300797 0  0.23823552444135918 0  0.31707281620169581 0  0.39594889198324129 0  0.474482149518343 0  0.55303005477484513 0  0.63147498942717373 0  0.70986339314544256 0  0.8665668250011711 0  0.94488128721729725 0  1.023184409565947 0  1.1014706998337622 0  1.1797631212072059 0  1.2580795035895134 0  1.3364116706567488 0  1.4147510550855498 0  1.4931221809712842 0  1.6499038170693756 0  1.7283168680867367 0  1.8067522672623464 0  1.8852182487533271 0  1.9637029573085503 0  2.0421762170329667 0  2.1206394882446529 0  2.1991308227144426 0  2.2776485339836676 0  2.4347164882283057 0  2.5132645201032755 0  2.5918274372422552 0  2.670366688729422 0  2.7488931913216659 0  2.8274296824634426 0  2.9059735943563458 0  2.9845105882525025 0  3.0630520104582106 0  3.2201332967213916 0  3.2986747189268883 0  3.3772117128238244 0  3.4557556247150862 0  3.5342921158592975 0  3.6128186184488249 0  3.6913578699382712 0  3.7699207870758702 0  3.8484688189513716 0  4.0055367731959022 0  4.0840544844650175 0  4.1625458189353672 0  4.2410090901456172 0  4.3194823498723585 0  4.3979670584248751 0  4.4764330399181507 0  4.554868439092421 0  4.6332814901102966 0  4.7900631262082536 0  4.8684342520941133 0  4.9467736365226944 0  5.0251058035901099 0  5.1034221859726001 0  5.181714607345338 0  5.2600008976140797 0  5.3383040199619511 0  5.4166184821784622 0  5.5733219140339605 0  5.651710317752844 0  5.7301552524035415 0  5.8087031576627624 0  5.8872364151943994 0  5.9661124909788912 0  6.0449497827372811 0  6.1241075636068265 0  6.2034926809333681 0  6.2831853071795862 0 
 0 11 0.78539816339744828 9 1.5707963267948966 9 2.3561944901923448 9 3.1415926535897931 9 3.9269908169872414 9 4.7123889803846897 9 5.497787143782138 9 6.2831853071795862 11
8 0 16.000000000000011
1 6.2831853071795862 0 0 1 
1 0 0 0 1 
1 0 16.000000000000011 1 0 
2 1.1210387714598537e-44 5.6843418860808015e-14 0.99012480236731648 0.14018871472797834 -0.14018871472797834 0.99012480236731648 2.0000000000000351
8 0 1
1 6.2831853071795862 0 0 1 
1 0 0 0 1 
1 0 1 1 0 
7 0 0  9 10 2  4.4408920985006262e-16 0  0.68803273457491254 0  1.3994978159241311 0  2.1020888770231725 0  2.7778475428474527 0  3.5053377643306796 0  4.1810964301583242 0  4.8836874912556389 0  5.595152572604503 0  6.2831853071795862 0 
 0 10 6.2831853071795862 10
1 0 16.000000000000011 1 0 
2 0 0 0.99012480236731648 0.14018871472797834 -0.14018871472797834 0.99012480236731648 1.5000000000000286
2 1.1210387714598537e-44 5.6843418860808015e-14 0.99012480236731648 0.14018871472797834 -0.14018871472797834 0.99012480236731648 1.5000000000000286
8 0 16.000000000000011
1 6.2831853071795862 0 0 1 
1 0 0 0 1 
Curves 22
1 2 -35.880960999999999 432.660258 0 0 1 
2 0 -35.880960999999999 432.660258 0 0 1 1 0 -0 -0 1 0 2
2 0 -35.880960999999999 472.660258 0 0 1 1 0 -0 -0 1 0 2
2 0 -35.880960999999999 432.660258 0 0 1 1 0 -0 -0 1 0 1.5
7 1 0  9 59 9  2 -35.880961000000013 472.660258  1.6690784610682365 2 -35.880961000000553 473.285258  1.6690784610682263 2 -35.784645583005812 473.88009515559889  1.6690784610682849 2 -35.593734667188414 474.44530808901874  1.6690784610681304 1.9999999999999989 -35.309948170682645 474.98143542247868  1.6690784610683707 2.0000000000000009 -34.935006011690234 475.48901577820487  1.6690784610681251 2.0000000000000009 -34.470628108324775 475.96858777841288  1.6690784610682976 1.9999999999999969 -33.918534378785409 476.42069004532885  1.6690784610682188 2.0000000000000111 -32.642355103636618 477.27103235701497  1.6690784610682505 1.9999999999999809 -31.029071869019504 478.01580471329754  1.6690784610682226 2.0000000000000715 -30.139874179998657 478.36233702480939  1.6690784610682641 1.9999999999998856 -29.169840337441173 478.68355409191304  1.6690784610682179 2.0000000000001137 -28.120690259483297 478.97999453683047  1.6690784610682432 1.9999999999999314 -26.994143864311724 479.25219698178228  1.6690784610682365 2.0000000000000147 -25.791921070068014 479.50070004899095  1.669078461068235 1.9999999999999893 -21.963383244629316 480.17672698404942  1.669078461068245 2.000000000000004 -17.484716354491866 480.64915471940117  1.6690784610682181 1.9999999999999962 -14.223751522043486 480.87792698753702  1.6690784610682734 2.0000000000000102 -10.701359129183444 481.02482867801359  1.6690784610682008 1.9999999999999882 -6.9312985212072107 481.09416876860098  1.6690784610682656 2.0000000000000102 -2.9273290433863361 481.09025623707231  1.6690784610682161 1.9999999999999949 1.2967899589842204 481.01740006119792  1.6690784610682425 2.0000000000000115 14.588317503906353 480.60492753385421  1.6690784610682339 1.999999999999978 29.613522554687606 479.64952380729164  1.6690784610682343 2.0000000000000493 40.290774495535416 478.80575705654769  1.6690784610682319 1.9999999999999423 51.518400247767467 477.7896311949404  1.669078461068263 2.00000000000004 63.18632504910839 476.63561804464291  1.6690784610682092 1.9999999999999856 75.184474137275501 475.37818942782741  1.6690784610682463 1.9999999999999982 87.402772750000523 474.05181716666664  1.6690784610682374 2.0000000000000084 112.05951949999944 471.330129  1.6690784610682354 1.9999999999999867 136.7162662500005 468.60844083333336  1.6690784610682372 2.0000000000000502 148.93456486272143 467.28206857217259  1.669078461068247 1.9999999999999265 160.93271395089624 466.02463995535715  1.6690784610682183 2.00000000000006 172.60063875222829 464.8706268050596  1.6690784610682552 1.999999999999966 183.82826450446686 463.85450094345231  1.6690784610682237 2.0000000000000102 194.50551644531183 463.01073419270836  1.6690784610682436 1.9999999999999973 209.53072149609397 462.05533046614573  1.6690784610682277 2.0000000000000018 222.82224904101597 461.64285793880208  1.6690784610682456 2.0000000000000036 227.0463680433852 461.57000176292763  1.6690784610682008 1.9999999999999893 231.05033752120889 461.56608923139908  1.6690784610682949 2 234.82039812918154 461.63542932198641  1.6690784610681848 2.0000000000000169 238.34279052204522 461.78233101246292  1.6690784610682587 1.9999999999999858 241.60375535449106 462.01110328059895  1.6690784610682361 2.0000000000000142 246.08242224462956 462.48353101595046  1.6690784610682334 1.9999999999999882 249.91096007006814 463.15955795100916  1.6690784610682403 2.0000000000000493 251.11318286431043 463.40806101821732  1.6690784610682199 1.9999999999999221 252.23972925948684 463.68026346317009  1.6690784610682645 2.0000000000000728 253.2888793374367 463.97670390808639  1.6690784610682117 1.9999999999999518 254.25891318000143 464.29792097519083  1.6690784610682488 2.0000000000000151 255.14811086901878 464.64445328670246  1.6690784610682372 1.9999999999999893 256.76139410363726 465.38922564298508  1.6690784610682274 2.0000000000000133 258.03757337878494 466.23956795467132  1.6690784610682543 1.9999999999999571 258.58966710832664 466.69167022158643  1.6690784610681659 2.0000000000000573 259.05404501168687 467.17124222179621  1.6690784610683644 1.9999999999999545 259.42898717068681 467.67882257752029  1.6690784610680922 2.0000000000000244 259.71277366718488 468.21494991098177  1.6690784610683436 1.9999999999999918 259.90368458300793 468.78016284440105  1.669078461068185 2.0000000000000018 259.99999999999994 469.37499999999994  1.6690784610682508 2.0000000000000004 260.00000000000011 470  1.6690784610682365
 0 10 0.062499999999999993 7 0.12499999999999999 7 0.24999999999999997 7 0.49999999999999994 7 0.75 7 0.875 7 0.9375 7 1 10
7 1 1  6 6 2  2.0000000000000004 260.00000000000011 470  1.6690784610682365 1.9999999999999967 263.32308615114215 470  1.0367296232096121 -2.1090963810962786 263.80022476649128 470  1.0383466998475064 -5.4982338420169219 260.00000000000006 470  0.85353433019614966 -2.1090963810962817 256.19977523350883 470  1.0383466998475068 1.9999999999999958 256.67691384885791 470  1.0367296232096115
 0 6 6.2831853071795862 6
1 1.5 -35.880960999999999 432.660258 0 0 1 
2 0 -35.880960999999999 472.660258 0 0 1 1 0 -0 -0 1 0 1.5
1 2 260 470 0 0 1 
2 0 260 560 0 0 1 1 0 -0 -0 1 0 2
7 1 0  9 59 9  1.5 -35.880961000000013 472.660258  1.6690784610682365 1.4999999999999876 -35.880961000000553 473.28525799999994  1.6690784610682263 1.5000000000000457 -35.784645583005812 473.88009515559912  1.6690784610682849 1.4999999999999045 -35.593734667188414 474.44530808901811  1.6690784610681304 1.5000000000001372 -35.309948170682645 474.98143542247942  1.6690784610683707 1.4999999999998606 -34.935006011690234 475.48901577820419  1.6690784610681251 1.5000000000000924 -34.470628108324775 475.96858777841339  1.6690784610682976 1.4999999999999682 -33.918534378785409 476.42069004532874  1.6690784610682188 1.500000000000032 -32.642355103636618 477.27103235701509  1.6690784610682505 1.4999999999999674 -31.029071869019504 478.01580471329748  1.6690784610682226 1.5000000000001001 -30.139874179998657 478.36233702480962  1.6690784610682641 1.4999999999998361 -29.169840337441173 478.68355409191275  1.6690784610682179 1.5000000000001672 -28.120690259483297 478.9799945368307  1.6690784610682432 1.4999999999998961 -26.994143864311724 479.25219698178222  1.6690784610682365 1.5000000000000264 -25.791921070068014 479.50070004899095  1.669078461068235 1.49999999999997 -21.963383244629316 480.17672698404948  1.669078461068245 1.5000000000000333 -17.484716354491866 480.64915471940105  1.6690784610682181 1.4999999999999309 -14.223751522043486 480.87792698753731  1.6690784610682734 1.5000000000000897 -10.701359129183444 481.02482867801319  1.6690784610682008 1.4999999999999298 -6.9312985212072107 481.09416876860132  1.6690784610682656 1.5000000000000315 -2.9273290433863361 481.09025623707208  1.6690784610682161 1.4999999999999956 1.2967899589842204 481.01740006119797  1.6690784610682425 1.4999999999999984 14.588317503906353 480.60492753385415  1.6690784610682339 1.5000000000000093 29.613522554687606 479.64952380729164  1.6690784610682343 1.4999999999999643 40.290774495535416 478.80575705654769  1.6690784610682319 1.5000000000000637 51.518400247767467 477.7896311949404  1.669078461068263 1.4999999999999281 63.18632504910839 476.63561804464285  1.6690784610682092 1.5000000000000502 75.184474137275501 475.37818942782746  1.6690784610682463 1.49999999999998 87.402772750000523 474.05181716666664  1.6690784610682374 1.5000000000000249 112.05951949999944 471.330129  1.6690784610682354 1.4999999999999689 136.7162662500005 468.60844083333336  1.6690784610682372 1.5000000000001068 148.93456486272143 467.28206857217242  1.669078461068247 1.499999999999823 160.93271395089624 466.02463995535743  1.6690784610682183 1.5000000000001867 172.60063875222829 464.87062680505926  1.6690784610682552 1.4999999999998697 183.82826450446686 463.85450094345265  1.6690784610682237 1.5000000000000497 194.50551644531183 463.01073419270824  1.6690784610682436 1.4999999999999738 209.53072149609397 462.05533046614585  1.6690784610682277 1.5000000000000091 222.82224904101597 461.64285793880208  1.6690784610682456 1.4999999999999991 227.0463680433852 461.57000176292763  1.6690784610682008 1.4999999999999793 231.05033752120889 461.56608923139913  1.6690784610682949 1.5000000000000293 234.82039812918154 461.63542932198635  1.6690784610681848 1.4999999999999807 238.34279052204522 461.78233101246303  1.6690784610682587 1.5000000000000056 241.60375535449106 462.01110328059889  1.6690784610682361 1.5000000000000027 246.08242224462956 462.48353101595052  1.6690784610682334 1.4999999999999931 249.91096007006814 463.15955795100911  1.6690784610682403 1.5000000000000324 251.11318286431043 463.4080610182175  1.6690784610682199 1.4999999999999516 252.23972925948684 463.68026346316981  1.6690784610682645 1.5000000000000422 253.2888793374367 463.97670390808668  1.6690784610682117 1.4999999999999714 254.25891318000143 464.29792097519066  1.6690784610682488 1.5000000000000082 255.14811086901878 464.64445328670251  1.6690784610682372 1.4999999999999958 256.76139410363726 465.38922564298502  1.6690784610682274 1.500000000000004 258.03757337878494 466.23956795467132  1.6690784610682543 1.4999999999999902 258.58966710832664 466.69167022158643  1.6690784610681659 1.4999999999999998 259.05404501168687 467.17124222179621  1.6690784610683644 1.5000000000000133 259.42898717068681 467.67882257752035  1.6690784610680922 1.4999999999999865 259.71277366718488 468.21494991098177  1.6690784610683436 1.5000000000000056 259.90368458300793 468.78016284440105  1.669078461068185 1.499999999999998 259.99999999999994 469.37499999999994  1.6690784610682508 1.5 260.00000000000011 470  1.6690784610682365
 0 10 0.062499999999999993 7 0.12499999999999999 7 0.24999999999999997 7 0.49999999999999994 7 0.75 7 0.875 7 0.9375 7 1 10
7 1 1  6 6 2  1.5 260.00000000000011 470  1.6690784610682365 1.4999999999999976 262.49231461335671 470  1.0367296232096121 -1.5818222858222093 262.85016857486846 470  1.0383466998475064 -4.1236753815126921 260.00000000000006 470  0.85353433019614966 -1.5818222858222113 257.14983142513165 470  1.0383466998475068 1.4999999999999971 257.50768538664346 470  1.0367296232096115
 0 6 6.2831853071795862 6
7 1 0  11 75 9  2.0000000000000568 260 560  1.6690784610682365 1.999999999999915 259.99987162008972 560.24987687155999  1.6690784610682301 2.0359367130446628 259.99813623362343 560.44695364572874  1.6690784610682563 2.0945138088651731 259.99538036997768 560.60611295413526  1.6690784610682226 2.170662932767101 259.99179456739785 560.75075851799932  1.6690784610682166 2.2611822263830561 259.98753827419989 560.92874070829123  1.6690784610682949 2.446313801645374 259.97855604944056 561.15208322486728  1.6690784610681675 2.7014811702842394 259.96581896967973 561.37617966951996  1.6690784610682858 3.0449490515394189 259.94836257386743 561.61373464332223  1.6690784610682166 3.4707579439794354 259.92633416484375 561.84649617758816  1.6690784610682357 4.4847124715673772 259.87305443201211 562.29659153754994  1.6690784610682523 5.8119621656821039 259.80149392596303 562.69838334669623  1.6690784610682059 6.5511290643140683 259.76118268105728 562.88318150065197  1.6690784610683786 7.3627718574310848 259.71640108279712 563.04958706151183  1.6690784610679519 8.2440255323440113 259.66720358005369 563.19634494910315  1.6690784610686062 9.1924130679692269 259.61362685381499 563.32279235006149  1.6690784610679146 10.205829436975279 259.55568923900682 563.42859672041993  1.6690784610684024 11.282418629864139 259.49339609891615 563.51362502249208  1.6690784610682234 12.420439570184728 259.42674610353282 563.57788993125268  1.6690784610681895 17.451103886671916 259.12849259880022 563.76113095524624  1.6690784610684704 23.509787116479828 258.75297151676028 563.58351375154314  1.6690784610677127 28.673427466531393 258.42250443365208 563.2448382837066  1.6690784610697635 34.3460639152959 258.04751001436455 562.71534634769966  1.6690784610655203 40.490998109383149 257.6273390290753 562.00675294084112  1.669078461071611 47.072516943422926 257.16106310479046 561.13077635693776  1.6690784610651856 54.055963142028105 256.64734218521113 560.09981358203549  1.6690784610702458 61.407018826813101 256.08425706170556 558.92616414278461  1.6690784610673302 69.091237766186836 255.46963807992483 557.62160929151923  1.6690784610684559 84.294871893944773 254.1986885167712 554.91147306601545  1.6690784610680602 100.46211713259139 252.74209257637375 551.8159619054835  1.6690784610683667 108.33180787697572 252.00379796319123 550.26783690803677  1.6690784610678135 116.36821417155465 251.21597286000602 548.65036234362526  1.6690784610691196 124.54640760693331 250.37825910147632 546.97281369281609  1.6690784610669398 132.84198840662896 249.49458750027273 545.24446675604952  1.669078461069603 141.23077955746123 248.56967959952107 543.47437869834687  1.6690784610672009 149.68827837734551 247.6040115277481 541.67156677952266  1.6690784610687794 158.18944496373189 246.59317887685029 539.84506793323771  1.6690784610680669 171.16739163758524 244.97755669885248 537.0399850936692  1.669078461068344 184.1285112968618 243.23203839527088 534.22036447298126  1.6690784610681826 188.57561919038864 242.6172601435932 533.25131004811635  1.6690784610683704 193.01369962466461 241.9874788072118 532.28314610850964  1.6690784610680671 197.43922737895522 241.34277673231867 531.3171759690174  1.6690784610683536 201.84867778896967 240.68321540543127 530.35470192988407  1.6690784610681983 206.23852908394579 240.00885314363131 529.39702468691723  1.6690784610682323 210.6052644888004 239.31975701711005 528.44544296619688  1.6690784610682496 214.94537409067524 238.61600900404585 527.50125338345015  1.6690784610682241 223.80870795272577 237.13884380255476 525.57742321282899  1.669078461068265 232.52986629993683 235.60057966053006 523.69579730373448  1.669078461068193 236.96846680747564 234.79392761973415 522.74179940958493  1.6690784610684319 241.3611706660223 233.97062070134399 521.80196061415108  1.6690784610678178 245.70379660446349 233.1304255592112 520.87779362853416  1.6690784610688105 249.99216818885867 232.27312718916764 519.97081232285871  1.6690784610676852 254.22211457435492 231.39852690864086 519.0825314042055  1.6690784610686087 258.38947125667522 230.50644033618624 518.21446609454927  1.6690784610680793 262.49008082402344 229.59669537111347 517.36813180870956  1.6690784610682543 272.55364492477895 227.28024948632142 515.31260109262951  1.6690784610682505 282.14922106813088 224.85170604631452 513.41149840519574  1.6690784610681844 287.72028815418969 223.35458656604422 512.33224604702434  1.6690784610684288 293.09525841224911 221.81575988438644 511.31867021016672  1.669078461067885 298.26025951389693 220.23455360464914 510.37585633934725  1.6690784610686977 303.20146431547107 218.61028424029467 509.50889713542904  1.6690784610677676 307.90511759736154 216.94224285852007 508.72288642287396  1.6690784610686058 312.35756769990212 215.22966143834518 508.02291910290978  1.669078461068018 316.54529262655717 213.47163713680024 507.41410839086802  1.6690784610683256 324.36452773989015 209.86234617394584 506.38915468003677  1.6690784610681093 331.01829878911974 206.0598421156634 505.77084312228885  1.6690784610684011 334.04066951308039 204.10872705176953 505.56859678133026  1.6690784610675253 336.74445120380005 202.10445780349278 505.47942260890682  1.6690784610697913 339.1195282074583 200.0485214171635 505.50655028420897  1.669078461065951 341.1463851332141 197.92508816303518 505.66233853518082  1.6690784610706781 342.81658289808229 195.75023753290884 505.94424205616997  1.6690784610662939 344.11377350653646 193.48703488966046 506.37125742037477  1.6690784610693772 344.99399678706834 191.15383212373027 506.95089638310401  1.6690784610677663 345.44066515292553 188.76734163400474 507.68286991609631  1.6690784610683502 345.44290697053265 186.33954951315829 508.56685176590219  1.6690784610682365
 0 12 0.0625 9 0.125 9 0.32500000000000001 9 0.50587678860713214 9 0.60053195407070858 9 0.70053195407070856 9 0.85026597703535423 9 1 12
7 1 1  6 6 2  345.44290697053265 186.33954951315829 508.56685176590219  1.6690784610682365 348.73317698918174 186.49888273546034 509.00461619634598  1.0367296232096121 348.62955482604684 187.91327546680839 512.89062828796557  1.0383466998475064 344.39173920549041 188.8787711178993 515.54330578791939  0.85353433019614966 341.1041612342998 187.54885394417707 511.88938838337265  1.0383466998475068 342.15263695188344 186.18021629085627 508.12908733545834  1.0367296232096115
 0 6 6.2831853071795862 6
1 1.5 260 470 0 0 1 
2 0 260 560 0 0 1 1 0 -0 -0 1 0 1.5
1 345.44290697053259 186.33954951315829 508.56685176590219 0 -0.93969262078590787 0.34202014332567021 
2 345.16252954107665 171.98175283421568 515.89999999999623 0 -0.93969262078590787 0.34202014332567021 0.14018871472797834 -0.33864262681597052 -0.9304129704416727 0.99012480236731659 0.047947364303904644 0.13173430074734196 1.9999999999999998
7 1 0  11 75 9  1.4999999999999147 260 560  1.6690784610682365 1.5000000000016485 259.99990371506721 560.31524856276121  1.6690784610682301 1.5453383229269093 259.99771785661085 560.58396735445342  1.6690784610682563 1.6257873629456299 259.99387374775944 560.81741108831397  1.6690784610682226 1.737290495780627 259.98850571830189 561.03322529473803  1.6690784610682166 1.8771909696225748 259.98172478056608 561.26739049150615  1.6690784610682949 2.1054150101009554 259.97048077995112 561.52901719295346  1.6690784610681675 2.4032748929676302 259.95549344996857 561.78474333999191  1.6690784610682858 2.7842137994098266 259.93603087093828 562.04419012288577  1.6690784610682166 3.243506745218923 259.91219494608049 562.29376130465414  1.6690784610682357 4.3165310394660708 259.85570009064855 562.76895732280161  1.6690784610682523 5.6888769671282091 259.78164872043374 563.18354550795573  1.6690784610682059 6.4475386761202458 259.74025473379902 563.37276398459949  1.6690784610683786 7.2761341542206992 259.69452935062378 563.54227845297441  1.6690784610679519 8.1722592838752632 259.64450483367642 563.6912403424227  1.6690784610686062 9.1338009409278413 259.59020011977128 563.8192452824735  1.6690784610679146 10.15892499687817 259.53162038623145 563.92613660460984  1.6690784610684024 11.245984086317236 259.46876108159495 564.01190727010942  1.6690784610682234 12.393417043796404 259.40161263446947 564.07665952468801  1.6690784610681895 17.459855477534234 259.10152019875682 564.26113216834051  1.6690784610684704 23.540552073486566 258.72515531475483 564.0821679159659  1.6690784610677127 28.716997857059312 258.39422783418382 563.74257248494769  1.6690784610697635 34.399443881909946 258.0186771200116 563.21179258763414  1.6690784610655203 40.552347889527141 257.59778422674839 562.50211471281136  1.669078461071611 47.140579151895295 257.13057496328935 561.62539511824446  1.6690784610651856 54.12946468061935 256.6157195450096 560.59355748641872  1.6690784610702458 61.484920167942406 256.05150065408031 559.41889399973127  1.6690784610673302 69.173092446675923 255.43605902661002 558.11374083823046  1.6690784610684559 84.383056823106685 254.16410817299098 555.40243699910695  1.6690784610680602 100.55470827694722 252.7051798191886 552.30593562154615  1.6690784610683667 108.4262144466128 251.96644333603203 550.75742017741595  1.6690784610678135 116.4642741294399 251.1793761205461 549.13970030758867  1.6690784610691196 124.64400148051227 250.34350172893727 547.46198050310727  1.6690784610669398 132.94090712977578 249.46156045087551 545.73346549489941  1.669078461069603 141.33066877944478 248.53688562393057 543.96319603735697  1.6690784610672009 149.78871988023764 247.56962652466737 542.16018295593938  1.6690784610687794 158.29009096740432 246.55627202721757 540.33345183150902  1.6690784610680669 171.26801831244777 244.93682576549935 537.52805971011946  1.669078461068344 184.22912552289947 243.19063207398179 534.70838311010402  1.6690784610681826 188.67622250797933 242.57591356698805 533.73933582897587  1.6690784610683704 193.11427916422468 241.94642229095285 532.77120167867542  1.6690784610680671 197.53976453716098 241.30219022231671 531.805280295015  1.6690784610683536 201.94914808974059 240.64323369277008 530.84287055283062  1.6690784610681983 206.33890145492933 239.96956665691937 529.88527012365466  1.6690784610682323 210.70550001259514 239.28120963420977 528.93377520169929  1.6690784610682496 215.04542428915752 238.57819432507233 527.98968039843055  1.6690784610682241 223.90825331439731 237.10241148542326 526.06605847079186  1.669078461068265 232.62859252684297 235.56503456064246 524.18466370439774  1.669078461068193 237.0666904979721 234.75874153590141 523.23079310288222  1.6690784610684319 241.4588104890735 233.9357251688553 522.2910922015177  1.6690784610678178 245.80077059977916 233.09577533118909 521.36707539465226  1.6690784610688105 250.08839255754398 232.23869565108487 520.46025794588536  1.6690784610676852 254.31750228169201 231.36430199790686 519.57215574655413  1.6690784610686087 258.48393044694814 230.4724209668785 518.70428507414624  1.6690784610680793 262.58351304740262 229.56288836378022 517.85816235079778  1.6690784610682543 272.64424523465146 227.24700319161198 515.80320484260142  1.6690784610682505 282.2362553475607 224.81911678004104 513.90279459205033  1.6690784610681844 287.80489765669336 223.32249051069846 512.82400444035204  1.6690784610684288 293.17712165916987 221.78430821391123 511.81094378045759  1.669078461067885 298.33901178247169 220.20394769591701 510.86870191912249  1.6690784610686977 303.27668634254132 218.58077844561632 510.00237360517207  1.6690784610677676 307.97631759852266 216.91415086715114 509.21705443017112  1.6690784610686058 312.42415547931876 215.20337104858922 508.51784079322357  1.669078461068018 316.60654716136241 213.44764396146115 507.90984282903406  1.6690784610683256 324.41334218422128 209.84429200987191 506.88659456561555  1.6690784610681093 331.05033928157491 206.05162663678723 506.26992256985056  1.6690784610684011 334.06301543417067 204.10667787797229 506.06844253680794  1.6690784610675253 336.75580218994196 202.11052678845121 505.97971573978595  1.6690784610697913 339.11760148243798 200.06417075671177 506.00743966133695  1.669078461065951 341.13026544199073 197.95561958928573 506.16215857067562  1.6690784610706781 342.78395343051852 195.79681500870802 506.44323871169217  1.6690784610662939 344.0628931247067 193.55993814100779 506.86620273754716  1.6690784610693772 344.93060307002986 191.2586350077141 507.43795968787236  1.6690784610677663 345.37113124995903 188.9053220118129 508.15956801469832  1.6690784610683502 345.37281261316855 186.50887082656627 509.03205825112303  1.6690784610682365
 0 12 0.0625 9 0.125 9 0.32500000000000001 9 0.50587678860713214 9 0.60053195407070858 9 0.70053195407070856 9 0.85026597703535423 9 1 12
7 1 1  6 6 2  345.37281261316855 186.50887082656627 509.03205825112303  1.6690784610682365 347.84051512715547 186.62837074329281 509.36038157395586  1.0367296232096121 347.76279850480427 187.68916529180385 512.27489064267058  1.0383466998475064 344.58443678938704 188.41328703012204 514.26439876763595  0.85353433019614966 342.11875331099407 187.41584914983036 511.52396071422584  1.0383466998475068 342.90511009918174 186.38937090983973 508.70373492829009  1.0367296232096115
 0 6 6.2831853071795862 6
2 345.16252954107665 171.98175283421568 515.89999999999623 0 -0.93969262078590787 0.34202014332567021 0.14018871472797834 -0.33864262681597052 -0.9304129704416727 0.99012480236731659 0.047947364303904644 0.13173430074734196 1.4999999999999998
1 345.37281261316861 186.50887082656627 509.03205825112303 0 -0.93969262078590787 0.34202014332567021 
Polygon3D 0
PolygonOnTriangulations 0
Surfaces 14
10 0 6.2831853071795862 0 40
2 0 -35.880960999999999 432.660258 0 0 1 1 0 -0 -0 1 0 2
1 1.7093001656742801e-16 -35.880960999999999 432.660258 0 0 1 1 0 -0 -0 1 0 
9 1 1 1 0 6 9 6 59 2 9 2 -35.880961000000013 472.660258  1.6690784610682365 2 -35.880961000000553 473.285258  1.6690784610682263 2 -35.784645583005812 473.88009515559889  1.6690784610682849 2 -35.593734667188414 474.44530808901874  1.6690784610681304 1.9999999999999989 -35.309948170682645 474.98143542247868  1.6690784610683707 2.0000000000000009 -34.935006011690234 475.48901577820493  1.6690784610681251 2.0000000000000009 -34.470628108324775 475.96858777841288  1.6690784610682976 1.9999999999999969 -33.918534378785409 476.42069004532885  1.6690784610682188 2.0000000000000111 -32.642355103636618 477.27103235701497  1.6690784610682505 1.9999999999999809 -31.029071869019504 478.01580471329754  1.6690784610682226 2.0000000000000715 -30.139874179998657 478.36233702480939  1.6690784610682641 1.9999999999998856 -29.169840337441173 478.68355409191304  1.6690784610682179 2.0000000000001137 -28.120690259483297 478.97999453683047  1.6690784610682432 1.9999999999999314 -26.994143864311724 479.25219698178228  1.6690784610682365 2.0000000000000147 -25.791921070068014 479.50070004899095  1.669078461068235 1.9999999999999893 -21.963383244629313 480.17672698404942  1.669078461068245 2.000000000000004 -17.484716354491866 480.64915471940117  1.6690784610682181 1.9999999999999962 -14.223751522043486 480.87792698753702  1.6690784610682734 2.0000000000000102 -10.701359129183444 481.02482867801359  1.6690784610682008 1.9999999999999882 -6.9312985212072107 481.09416876860098  1.6690784610682656 2.0000000000000102 -2.9273290433863366 481.09025623707231  1.6690784610682161 1.9999999999999949 1.2967899589842204 481.01740006119792  1.6690784610682425 2.0000000000000115 14.588317503906353 480.60492753385421  1.6690784610682339 1.999999999999978 29.613522554687606 479.64952380729164  1.6690784610682343 2.0000000000000493 40.290774495535416 478.80575705654769  1.6690784610682319 1.9999999999999423 51.518400247767467 477.7896311949404  1.669078461068263 2.00000000000004 63.18632504910839 476.63561804464291  1.6690784610682092 1.9999999999999856 75.184474137275501 475.37818942782741  1.6690784610682463 1.9999999999999982 87.402772750000523 474.05181716666664  1.6690784610682374 2.0000000000000084 112.05951949999944 471.330129  1.6690784610682354 1.9999999999999867 136.7162662500005 468.60844083333336  1.6690784610682372 2.0000000000000502 148.93456486272143 467.28206857217259  1.669078461068247 1.9999999999999265 160.93271395089624 466.02463995535715  1.6690784610682183 2.00000000000006 172.60063875222829 464.8706268050596  1.6690784610682552 1.999999999999966 183.82826450446686 463.85450094345231  1.6690784610682237 2.0000000000000102 194.5055164453118 463.01073419270836  1.6690784610682436 1.9999999999999973 209.53072149609397 462.05533046614573  1.6690784610682277 2.0000000000000018 222.82224904101597 461.64285793880214  1.6690784610682456 2.0000000000000036 227.0463680433852 461.57000176292763  1.6690784610682008 1.9999999999999893 231.05033752120892 461.56608923139908  1.6690784610682949 2 234.82039812918154 461.63542932198641  1.6690784610681848 2.0000000000000169 238.34279052204522 461.78233101246292  1.6690784610682587 1.9999999999999858 241.60375535449106 462.01110328059895  1.6690784610682361 2.0000000000000142 246.08242224462956 462.48353101595046  1.6690784610682334 1.9999999999999882 249.91096007006814 463.15955795100916  1.6690784610682403 2.0000000000000493 251.1131828643104 463.40806101821732  1.6690784610682199 1.9999999999999221 252.23972925948684 463.68026346317009  1.6690784610682645 2.0000000000000728 253.2888793374367 463.97670390808639  1.6690784610682117 1.9999999999999518 254.25891318000143 464.29792097519083  1.6690784610682488 2.0000000000000151 255.14811086901878 464.64445328670246  1.6690784610682372 1.9999999999999893 256.76139410363726 465.38922564298508  1.6690784610682274 2.0000000000000133 258.03757337878494 466.23956795467126  1.6690784610682543 1.9999999999999571 258.58966710832664 466.69167022158643  1.6690784610681659 2.0000000000000573 259.05404501168687 467.17124222179621  1.6690784610683644 1.9999999999999545 259.42898717068681 467.67882257752029  1.6690784610680922 2.0000000000000244 259.71277366718488 468.21494991098177  1.6690784610683436 1.9999999999999918 259.90368458300793 468.78016284440105  1.669078461068185 2.0000000000000018 259.99999999999994 469.375  1.6690784610682508 2.0000000000000004 260.00000000000011 470  1.6690784610682365 
1.9999999999999962 -32.557874848857892 472.660258  1.0367296232096121 2.0000000000000164 -32.557874848857551 472.83005525746029  1.0367296232096024 1.9999999999999216 -32.531708299008784 472.9328655429905  1.036729623209653 2.000000000000135 -32.499174893264211 473.00148849970856  1.0367296232095291 1.9999999999998235 -32.474789386580539 473.08933101595801  1.0367296232097107 2.0000000000001421 -32.38601778586127 473.27820503623258  1.036729623209536 1.9999999999999147 -32.18944641405534 473.50297516064597  1.0367296232096492 2.000000000000016 -31.887764480846755 473.76613898084844  1.0367296232096039 1.9999999999999842 -31.060951466870534 474.32802146470539  1.0367296232096164 2 -29.798552098680204 474.91947919690352  1.0367296232096099 1.9999999999999978 -29.060605710793681 475.21138716463918  1.0367296232096039 1.9999999999999876 -28.221550122806519 475.4924757679334  1.0367296232096437 2.0000000000000031 -27.286881128843163 475.75873521341236  1.0367296232095726 1.9999999999999907 -26.261010092212587 476.00797147921128  1.0367296232096377 1.9999999999999962 -25.1477252479649 476.23887887014422  1.0367296232096053 1.9999999999999922 -21.55687283806904 476.87388870487968  1.0367296232096224 1.9999999999999987 -17.241188333190422 477.33238093015876  1.0367296232095995 1.9999999999999922 -14.067400946019859 477.55643288019508  1.0367296232096304 1.9999999999999913 -10.616854128126931 477.70115017188351  1.0367296232096017 2.0000000000000062 -6.9069832805407714 477.77005890332316  1.036729623209619 1.9999999999999907 -2.9541484991732574 477.76666010561422  1.0367296232096028 1.9999999999999967 1.2259908054815156 477.69467652607113  1.036729623209617 1.9999999999999907 14.403296634192728 477.28596974664561  1.0367296232096066 2.0000000000000036 29.358268162257446 476.33581441822122  1.0367296232096177 1.9999999999999816 40.000361289151044 475.4950856689286  1.0367296232095864 2.000000000000004 51.201379735337575 474.48148214120886  1.0367296232096694 1.9999999999999953 62.849613042442762 473.32953700001252  1.0367296232095522 1.9999999999999944 74.833714377327041 472.07366491818806  1.0367296232096437 1.9999999999999918 87.04277008599702 470.74828556777362  1.0367296232096057 2.0000000000000049 111.69032602456288 468.02761191137375  1.0367296232096148 1.9999999999999849 136.35626358599737 465.30490923444023  1.0367296232096128 2.0000000000000404 148.58380510277163 463.97754406253347  1.0367296232096088 1.9999999999999272 160.59600194423277 462.7185589107263  1.036729623209625 2.0000000000000639 172.28361823979677 461.56247775132857  1.0367296232095917 1.9999999999999498 183.5378512980829 460.54382955583293  1.0367296232096284 2.0000000000000182 194.25026205288151 459.69702480363804  1.0367296232096062 1.9999999999999774 209.34570062638102 458.73637267893719  1.0367296232096148 2.0000000000000173 222.75144988751236 458.3201344036753  1.0367296232096128 1.9999999999999156 227.01954858760141 458.24640563147  1.0367296232096095 2.0000000000001301 231.07465276187088 458.24197936612052  1.0367296232096155 1.9999999999998612 234.90490313024259 458.31175081585712  1.0367296232096088 2.0000000000000839 238.49914109806514 458.46083690512057  1.0367296232096141 1.9999999999999687 241.84728337579458 458.69432949135665  1.0367296232096124 2.0000000000000089 246.48893265118781 459.18069273678071  1.0367296232096115 1.9999999999999982 250.55515589217273 459.89773677216238  1.0367296232096124 1.9999999999999609 251.8463166364038 460.16383551564667  1.0367296232096082 2.0000000000000866 253.07353839013666 460.45900413975136  1.0367296232096226 1.9999999999998848 254.23716955206172 460.78562558410738  1.0367296232095975 2.0000000000000657 255.3381816492126 461.14697111502022  1.0367296232096228 1.9999999999999756 256.37863063935578 461.54812777030855  1.0367296232096104 2.0000000000000155 258.34279774040658 462.44621475067538  1.036729623209609 1.9999999999999862 260.06834327671936 463.58501689019096  1.0367296232096199 2.0000000000000187 260.87084880260954 464.22605760381936  1.0367296232095813 1.9999999999999438 261.60303323749412 464.96043147982391  1.0367296232096661 2.0000000000000693 262.26414595481128 465.78671817099962  1.0367296232095558 1.9999999999999365 262.80733344109399 466.77113032167159  1.036729623209649 2.0000000000000262 263.15662186701167 467.83293323179259  1.0367296232095966 1.9999999999999876 263.32308615114118 468.91979725746029  1.0367296232096157 1.9999999999999967 263.32308615114215 470  1.0367296232096121 
-2.1090963810962799 -32.08073623350873 472.660258  1.0383466998475064 -2.1090963810962724 -32.080736233508162 472.76469589077527  1.0383466998475011 -2.1090963810963128 -32.064641867111703 472.79685949162098  1.038346699847531 -2.1090963810962 -32.054848776366612 472.79418057920219  1.0383466998474566 -2.1090963810964065 -32.067708837055221 472.8176570251062  1.0383466998475579 -2.1090963810961409 -32.020026458127404 472.96077023970793  1.0383466998474764 -2.1090963810963714 -31.86190754643394 473.14895515125647  1.0383466998475168 -2.1090963810962511 -31.596180485390448 473.38499062607463  1.0383466998475042 -2.1090963810963048 -30.833888818706271 473.90545518798359  1.0383466998475068 -2.1090963810962595 -29.621870402006664 474.47489954944115  1.0383466998475055 -2.1090963810963315 -28.905641126795871 474.75896439106748  1.0383466998475006 -2.1090963810962098 -28.085391787044841 475.0342912299102  1.0383466998475257 -2.1090963810963332 -27.1671603283595 475.2962171975222  1.0383466998474891 -2.1090963810962635 -26.155744559827014 475.54215591085978  1.0383466998475106 -2.1090963810962768 -25.05522969154589 475.77053686214157  1.0383466998475066 -2.1090963810962937 -21.498504862132734 476.3996573393452  1.0383466998475113 -2.1090963810962533 -17.206221853958937 476.85614866254764  1.0383466998474951 -2.1090963810963408 -14.044951664251712 477.07952285524055  1.0383466998475364 -2.1090963810962071 -10.604720648173554 477.22392650443959  1.0383466998474677 -2.1090963810963381 -6.9034920258055621 477.29277330004675  1.0383466998475432 -2.1090963810962506 -2.9579993165800857 477.28944826577117  1.0383466998474826 -2.1090963810962879 1.2158252519761987 477.21758997621049  1.0383466998475122 -2.1090963810962648 14.376730786192567 476.80942389409631  1.0383466998475031 -2.1090963810963022 29.32161797570491 475.86002214632163  1.0383466998475062 -2.1090963810962267 39.958662895289635 475.01972960233297  1.0383466998475004 -2.1090963810963506 51.155860985155428 474.00648823883205  1.038346699847533 -2.1090963810962244 62.801266928824688 472.85484002854679  1.0383466998474711 -2.1090963810963008 74.783351245415588 471.59919143865636  1.038346699847529 -2.1090963810962839 86.991079830369387 470.27395465332648  1.0383466998474995 -2.1090963810962622 111.6373161248333 467.55342666333485  1.038346699847515 -2.1090963810963053 136.30457333036986 464.83057831999309  1.0383466998474959 -2.1090963810961747 148.53344197085994 463.50307058300189  1.0383466998475483 -2.1090963810964669 160.5476558306151 462.24386193926023  1.0383466998474364 -2.1090963810960681 172.2380994896136 461.08748384895205  1.038346699847581 -2.1090963810964247 183.49615290422287 460.06847348923708  1.0383466998474533 -2.1090963810962262 194.21361186632851 459.22123253173851  1.0383466998475273 -2.109096381096303 209.31913477838049 458.25982682638784  1.0383466998474948 -2.1090963810962862 222.74128433400816 457.84304785381471  1.0383466998475099 -2.1090963810962098 227.01569777018969 457.76919379162683  1.0383466998475093 -2.1090963810964101 231.07814401661474 457.76469376284416  1.03834669984749 -2.1090963810961303 234.91703661018525 457.83452714841326  1.0383466998475341 -2.1090963810963914 238.52159037984265 457.98392688016582  1.0383466998474791 -2.1090963810962275 241.882249855021 458.2180972237457  1.0383466998475219 -2.1090963810963226 246.54730062712829 458.70646137124601  1.0383466998474933 -2.1090963810962458 250.64765144858885 459.42939476415995  1.0383466998475162 -2.1090963810964092 251.9515821687985 459.69801994729431  1.0383466998474677 -2.109096381096061 253.19325919060773 459.9964861238625  1.0383466998475721 -2.1090963810965002 254.37332788783331 460.32744104608304  1.03834669984744 -2.1090963810961352 255.49314623320618 460.69454834144915  1.0383466998475457 -2.1090963810963199 256.55531233602983 461.10354812284601  1.0383466998474979 -2.109096381096256 258.56986038857087 462.02364847395364  1.038346699847507 -2.1090963810962893 260.35992727217479 463.20386853541714  1.0383466998475133 -2.1090963810962768 261.19838767023566 463.87203759442974  1.0383466998474717 -2.1090963810962511 261.96902456522071 464.64299668329949  1.0383466998475694 -2.1090963810963208 262.67122650434277 465.51504418014753  1.0383466998474373 -2.1090963810962511 263.25165955798747 466.56382240116545  1.0383466998475555 -2.1090963810962888 263.62368829891096 467.69692718042302  1.0383466998474837 -2.1090963810962755 263.80022476648992 468.85443789077527  1.0383466998475122 -2.1090963810962786 263.80022476649128 470  1.0383466998475064 
-5.4982338420169219 -35.880960999999985 472.660258  0.85353433019614966 -5.4982338420169006 -35.880960999999274 473.285258  0.85353433019614378 -5.498233842017008 -35.784645583010246 473.88009515559901  0.8535343301961773 -5.4982338420167327 -35.593734667179405 474.44530808901845  0.85353433019608971 -5.4982338420171981 -35.30994817069498 474.98143542247902  0.85353433019622582 -5.4982338420166297 -34.935006011678496 475.48901577820459  0.85353433019608627 -5.4982338420171235 -34.470628108332136 475.96858777841311  0.85353433019618408 -5.4982338420168535 -33.918534378783136 476.4206900453288  0.85353433019613922 -5.4982338420169947 -32.642355103638664 477.27103235701503  0.85353433019615821 -5.4982338420168437 -31.029071869017741 478.01580471329748  0.85353433019614111 -5.4982338420171901 -30.139874180003886 478.36233702480962  0.85353433019616498 -5.4982338420164893 -29.169840337433385 478.68355409191275  0.85353433019613911 -5.4982338420173438 -28.120690259490118 478.97999453683065  0.85353433019615488 -5.4982338420166901 -26.994143864308256 479.25219698178222  0.85353433019614633 -5.4982338420169592 -25.791921070068753 479.50070004899095  0.85353433019615021 -5.498233842016937 -21.963383244628261 480.17672698404942  0.85353433019615266 -5.4982338420168437 -17.484716354492946 480.64915471940111  0.85353433019614278 -5.4982338420171502 -14.223751522040416 480.87792698753708  0.85353433019616409 -5.4982338420166137 -10.701359129188262 481.02482867801353  0.85353433019613711 -5.4982338420171644 -6.9312985212024216 481.09416876860098  0.85353433019616076 -5.4982338420168233 -2.927329043388994 481.09025623707225  0.85353433019614067 -5.4982338420169405 1.2967899589846184 481.01740006119792  0.85353433019615144 -5.4982338420168748 14.588317503906381 480.60492753385421  0.85353433019615277 -5.4982338420169974 29.613522554687165 479.64952380729164  0.85353433019614078 -5.4982338420166981 40.290774495536738 478.80575705654775  0.85353433019616931 -5.4982338420172647 51.518400247765975 477.78963119494023  0.8535343301961309 -5.4982338420165977 63.186325049109051 476.63561804464314  0.85353433019616554 -5.4982338420170969 75.184474137275799 475.37818942782724  0.85353433019613845 -5.4982338420168828 87.402772750000096 474.05181716666669  0.85353433019615299 -5.4982338420169503 112.05951950000011 471.33012899999994  0.85353433019614933 -5.4982338420169041 136.71626624999979 468.60844083333336  0.85353433019614688 -5.4982338420169681 148.93456486272379 467.28206857217259  0.85353433019616831 -5.4982338420168233 160.93271395089232 466.02463995535703  0.85353433019612068 -5.4982338420170525 172.60063875223256 464.87062680505971  0.85353433019617608 -5.4982338420168038 183.82826450446385 463.85450094345225  0.85353433019613423 -5.4982338420169752 194.50551644531294 463.01073419270836  0.85353433019615543 -5.498233842016897 209.53072149609329 462.05533046614573  0.85353433019614511 -5.498233842016929 222.82224904101622 461.64285793880214  0.85353433019615343 -5.4982338420169121 227.04636804338409 461.57000176292752  0.85353433019614044 -5.498233842016945 231.0503375212113 461.5660892313993  0.85353433019616043 -5.4982338420168944 234.82039812917833 461.63542932198612  0.85353433019614267 -5.4982338420169308 238.34279052204749 461.7823310124632  0.85353433019615066 -5.4982338420169352 241.60375535449037 462.01110328059883  0.85353433019615144 -5.4982338420169095 246.0824222446299 462.48353101595058  0.85353433019614733 -5.4982338420169352 249.91096007006814 463.15955795100911  0.85353433019615144 -5.4982338420168801 251.11318286431091 463.40806101821755  0.85353433019613922 -5.4982338420169947 252.23972925948468 463.68026346316981  0.85353433019617131 -5.4982338420168544 253.28887933744005 463.97670390808662  0.85353433019612457 -5.4982338420169414 254.25891317999907 464.29792097519066  0.85353433019616531 -5.4982338420169246 255.14811086901963 464.64445328670251  0.85353433019614622 -5.4982338420169139 256.76139410363646 465.38922564298508  0.85353433019614866 -5.4982338420169468 258.03757337878574 466.23956795467126  0.85353433019615499 -5.498233842016834 258.58966710832351 466.69167022158643  0.85353433019612457 -5.4982338420170365 259.05404501169369 467.17124222179621  0.85353433019619751 -5.4982338420168189 259.42898717067817 467.67882257752024  0.85353433019609226 -5.4982338420169805 259.71277366719164 468.21494991098189  0.85353433019619562 -5.4982338420168997 259.90368458300469 468.78016284440093  0.85353433019612623 -5.4982338420169246 260.0000000000008 469.375  0.85353433019615599 -5.4982338420169219 260.00000000000006 470  0.85353433019614966 
-2.1090963810962813 -39.681185766491268 472.660258  1.0383466998475068 -2.1090963810962786 -39.681185766492206 473.80582010922473  1.0383466998474939 -2.1090963810962902 -39.504649298902962 474.96333081957704  1.0383466998475606 -2.1090963810962537 -39.132620558003282 476.09643559883477  1.0383466998473929 -2.1090963810963266 -38.552187504322177 477.1452138198519  1.0383466998476536 -2.1090963810962315 -37.849985565239479 478.01726131670125  1.0383466998473794 -2.1090963810963146 -37.079348670224817 478.78822040556975  1.0383466998475794 -2.1090963810962684 -36.240888272177557 479.45638946458303  1.0383466998474857 -2.1090963810962964 -34.450821388569551 480.63660952604641  1.0383466998475221 -2.1090963810962626 -32.436273336029984 481.55670987715393  1.0383466998474955 -2.1090963810963457 -31.374107233208605 481.96570965855142  1.0383466998475219 -2.109096381096164 -30.254288887827698 482.33281695391582  1.0383466998475055 -2.1090963810964087 -29.074220190613516 482.66377187613875  1.0383466998474991 -2.1090963810961956 -27.832543168795411 482.96223805270489  1.0383466998475119 -2.1090963810963044 -26.528612448589939 483.23086323584027  1.0383466998475039 -2.1090963810962493 -22.428261627125323 483.95379662875365  1.0383466998475204 -2.1090963810963155 -17.763210855026017 484.44216077625475  1.0383466998474811 -2.1090963810961885 -14.402551379830015 484.67633111983298  1.0383466998475719 -2.1090963810964327 -10.797997610202827 484.82573085158845  1.0383466998474187 -2.1090963810961205 -6.9591050165989401 484.89556423715425  1.0383466998475896 -2.1090963810963816 -2.8966587701981013 484.89106420837396  1.0383466998474562 -2.1090963810962533 1.3777546659934501 484.81721014618518  1.0383466998475204 -2.1090963810963115 14.799904221618618 484.40043117361228  1.0383466998474922 -2.1090963810962466 29.905427133671864 483.43902546826149  1.0383466998475215 -2.1090963810963421 40.622886095777076 482.59178451076275  1.038346699847468 -2.1090963810962196 51.880939510385886 481.57277415104824  1.0383466998475717 -2.1090963810963115 63.571383169385683 480.41639606073949  1.0383466998474471 -2.1090963810962724 75.585597029139535 479.15718741699834  1.0383466998475368 -2.1090963810962839 87.81446566963028 477.82967968000685  1.0383466998474995 -2.1090963810962688 112.48172287516648 475.10683133666515  1.0383466998475168 -2.109096381096303 137.12795916963108 472.38630334667351  1.0383466998474944 -2.1090963810961947 149.33568775458198 471.06106656134375  1.0383466998475581 -2.1090963810964403 161.31777207118029 469.8054179714531  1.0383466998474211 -2.1090963810961041 172.96317801483858 468.65376976116823  1.0383466998475961 -2.1090963810963999 184.1603761047148 467.6405283976668  1.0383466998474462 -2.1090963810962409 194.79742102429321 466.80023585367849  1.0383466998475308 -2.1090963810963022 209.74230821380866 465.85083410590357  1.0383466998474911 -2.1090963810962857 222.90321374802363 465.44266802378957  1.0383466998475148 -2.1090963810962449 227.07703831657921 465.37080973422866  1.0383466998474864 -2.1090963810963461 231.02253102580724 465.36748469995348  1.0383466998475337 -2.1090963810962142 234.72375964817181 465.43633149556013  1.0383466998474871 -2.1090963810963328 238.16399066425276 465.58073514475967  1.038346699847513 -2.1090963810962542 241.32526085395881 465.8041093374523  1.0383466998475093 -2.109096381096315 245.61754386213272 466.26060066065486  1.0383466998475017 -2.1090963810962462 249.17426869154565 466.88972113785837  1.0383466998475135 -2.1090963810964354 250.27478355983061 467.11810208914028  1.0383466998474724 -2.1090963810960108 251.28619932835028 467.3640408024778  1.0383466998475739 -2.1090963810965744 252.20443078705719 467.62596677008963  1.0383466998474289 -2.1090963810960894 253.02468012678671 467.90129360893263  1.0383466998475579 -2.109096381096331 253.74090940200949 468.18535845055891  1.0383466998474955 -2.1090963810962702 254.95292781870452 468.75480281201652  1.0383466998475048 -2.1090963810962613 255.71521948539149 469.27526737392543  1.0383466998475217 -2.1090963810964207 255.98094654643242 469.5113028487433  1.0383466998474389 -2.1090963810959855 256.13906545812824 469.69948776029264  1.0383466998476323 -2.1090963810966441 256.18674783705706 469.84260097489329  1.0383466998473645 -2.109096381095998 256.17388777636307 469.86607742079804  1.038346699847613 -2.1090963810964221 256.18368086711462 469.86339850837902  1.0383466998474562 -2.109096381096244 256.19977523350724 469.89556210922473  1.0383466998475199 -2.1090963810962817 256.19977523350883 470  1.0383466998475068 
1.9999999999999978 -39.204047151142106 472.660258  1.0367296232096115 1.999999999999994 -39.204047151142163 473.74046074253965  1.0367296232096006 2.0000000000000129 -39.037582867007984 474.82732476820746  1.0367296232096561 1.9999999999999627 -38.68829444110122 475.88912767832858  1.0367296232095209 2.0000000000000404 -38.14510695480277 476.87353982899987  1.036729623209721 1.9999999999999607 -37.483994237499815 477.69982652017677  1.0367296232095251 2.0000000000000218 -36.751809802607937 478.43420039618019  1.0367296232096535 1.9999999999999842 -35.949304276718806 479.07524110980916  1.0367296232096033 2.0000000000000213 -34.223758740407987 480.21404324932467  1.0367296232096141 1.999999999999964 -32.259591639353374 481.11213022969145  1.0367296232096124 2.000000000000103 -31.219142649220146 481.51328688498018  1.0367296232095937 1.999999999999841 -30.118130552050275 481.87463241589194  1.0367296232096557 2.0000000000001368 -28.954499390147816 482.20125386024921  1.0367296232095617 1.9999999999999198 -27.727277636396735 482.49642248435299  1.0367296232096426 2.0000000000000164 -26.436116892174709 482.76252122783768  1.0367296232096026 1.9999999999999756 -22.369893651185635 483.47956526321923  1.0367296232096244 2.0000000000000191 -17.728244375796692 483.9659285086434  1.0367296232095951 1.9999999999999503 -14.380102098060433 484.19942109487931  1.0367296232096419 2.0000000000000617 -10.785864130249848 484.34850718414305  1.0367296232095775 1.9999999999999396 -6.9556137618632476 484.41827863387931  1.0367296232096452 2.0000000000000302 -2.9005095876061944 484.41385236853006  1.0367296232095857 1.9999999999999909 1.3675891124887301 484.3401235963247  1.0367296232096193 1.9999999999999969 14.773338373618117 483.92388532106276  1.0367296232096053 2.0000000000000031 29.868776947119187 482.96323319636207  1.0367296232096155 1.9999999999999787 40.581187701916619 482.11642844416673  1.0367296232095948 2.0000000000000182 51.835420760202517 481.097780248672  1.0367296232096515 1.9999999999999847 63.523037055768953 479.94169908927307  1.0367296232095695 1.9999999999999978 75.535233897227002 478.68271393746699  1.0367296232096337 2.0000000000000018 87.762775414002988 477.3553487655596  1.0367296232096055 1.9999999999999889 112.42871297543687 474.63264608862636  1.0367296232096186 2.0000000000000027 137.07626891400292 471.91197243222632  1.0367296232096033 1.9999999999999769 149.28532462267401 470.58659308181205  1.0367296232096443 2.0000000000000182 161.26942595755452 469.33072099998742  1.0367296232095611 1.9999999999999842 172.91765926466621 468.17877585879114  1.0367296232096588 1.9999999999999907 184.11867771084613 467.16517233107135  1.0367296232095804 2 194.76077083774356 466.32444358177878  1.0367296232096246 1.9999999999999982 209.71574236580659 465.37428825335434  1.0367296232096008 1.9999999999999909 222.89304819451894 464.96558147392886  1.0367296232096199 2.0000000000000369 227.073187499174 464.89359789438549  1.0367296232095751 1.999999999999907 231.02602228053613 464.89019909667729  1.0367296232096797 2.0000000000000941 234.73589312813434 464.95910782811592  1.0367296232095353 1.9999999999999332 238.18643994601385 465.10382511980538  1.0367296232096634 2.0000000000000178 241.36022733319268 465.32787706984112  1.0367296232095935 1.9999999999999867 245.67591183806817 465.78636929512038  1.0367296232096201 1.9999999999999953 249.2667642479648 466.42137912985578  1.0367296232096102 2.0000000000000084 250.38004909221493 466.65228652078855  1.0367296232096028 1.9999999999999742 251.40592012883789 466.90152278658798  1.0367296232096372 2.0000000000000124 252.34058912281284 467.16778223206626  1.0367296232095786 1.9999999999999847 253.17964471078957 467.44887083536094  1.0367296232096326 1.9999999999999958 253.91759109868138 467.74077880309648  1.0367296232096073 2.0000000000000049 255.17999046686958 468.33223653529467  1.0367296232096102 1.9999999999999833 256.00680348084734 468.89411901915162  1.0367296232096184 2.0000000000000391 256.30848541405624 469.15728283935363  1.0367296232095813 1.9999999999999143 256.50505678585898 469.38205296376822  1.0367296232096646 2.0000000000000919 256.5938283865828 469.57092698404131  1.0367296232095566 1.9999999999999198 256.61821389326292 469.65876950029178  1.0367296232096466 2.0000000000000342 256.6507472990092 469.72739245700956  1.0367296232095968 1.9999999999999842 256.67691384885768 469.83020274253965  1.036729623209615 1.9999999999999958 256.67691384885791 470  1.0367296232096115 

0 6
6.2831853071795862 6

0 10
0.062499999999999993 7
0.12499999999999999 7
0.24999999999999997 7
0.49999999999999994 7
0.75 7
0.875 7
0.9375 7
1 10

10 0 6.2831853071795862 0 40
2 0 -35.880960999999999 432.660258 0 0 1 1 0 -0 -0 1 0 1.5
1 -1.1395334437828526e-16 -35.880961000000006 432.66025800000006 0 0 1 1 0 -0 -0 1 0 
10 0 6.2831853071795862 0 90
2 0 260 470 0 0 1 1 0 -0 -0 1 0 2
9 1 1 1 0 6 9 6 59 2 9 1.5 -35.880961000000013 472.660258  1.6690784610682365 1.4999999999999876 -35.880961000000553 473.28525799999994  1.6690784610682263 1.5000000000000457 -35.784645583005812 473.88009515559912  1.6690784610682849 1.4999999999999045 -35.593734667188414 474.44530808901817  1.6690784610681304 1.5000000000001372 -35.309948170682645 474.98143542247942  1.6690784610683707 1.4999999999998606 -34.935006011690234 475.48901577820419  1.6690784610681251 1.5000000000000924 -34.470628108324775 475.96858777841339  1.6690784610682976 1.4999999999999682 -33.918534378785409 476.42069004532874  1.6690784610682188 1.500000000000032 -32.642355103636618 477.27103235701509  1.6690784610682505 1.4999999999999674 -31.029071869019504 478.01580471329748  1.6690784610682226 1.5000000000001001 -30.139874179998657 478.36233702480962  1.6690784610682641 1.4999999999998361 -29.169840337441173 478.68355409191275  1.6690784610682179 1.5000000000001672 -28.120690259483297 478.9799945368307  1.6690784610682432 1.4999999999998961 -26.994143864311724 479.25219698178222  1.6690784610682365 1.5000000000000264 -25.791921070068014 479.50070004899095  1.669078461068235 1.49999999999997 -21.963383244629313 480.17672698404948  1.669078461068245 1.5000000000000333 -17.484716354491866 480.64915471940105  1.6690784610682181 1.4999999999999309 -14.223751522043486 480.87792698753731  1.6690784610682734 1.5000000000000897 -10.701359129183444 481.02482867801319  1.6690784610682008 1.4999999999999298 -6.9312985212072107 481.09416876860132  1.6690784610682656 1.5000000000000315 -2.9273290433863366 481.09025623707208  1.6690784610682161 1.4999999999999956 1.2967899589842204 481.01740006119797  1.6690784610682425 1.4999999999999984 14.588317503906353 480.60492753385415  1.6690784610682339 1.5000000000000093 29.613522554687606 479.64952380729164  1.6690784610682343 1.4999999999999643 40.290774495535416 478.80575705654769  1.6690784610682319 1.5000000000000637 51.518400247767467 477.7896311949404  1.669078461068263 1.4999999999999281 63.18632504910839 476.63561804464285  1.6690784610682092 1.5000000000000502 75.184474137275501 475.37818942782746  1.6690784610682463 1.49999999999998 87.402772750000523 474.05181716666664  1.6690784610682374 1.5000000000000249 112.05951949999944 471.330129  1.6690784610682354 1.4999999999999689 136.7162662500005 468.60844083333336  1.6690784610682372 1.5000000000001068 148.93456486272143 467.28206857217242  1.669078461068247 1.499999999999823 160.93271395089624 466.02463995535743  1.6690784610682183 1.5000000000001867 172.60063875222829 464.8706268050592  1.6690784610682552 1.4999999999998697 183.82826450446686 463.85450094345265  1.6690784610682237 1.5000000000000497 194.5055164453118 463.01073419270824  1.6690784610682436 1.4999999999999738 209.53072149609397 462.05533046614585  1.6690784610682277 1.5000000000000091 222.82224904101597 461.64285793880208  1.6690784610682456 1.4999999999999991 227.0463680433852 461.57000176292763  1.6690784610682008 1.4999999999999793 231.05033752120892 461.56608923139913  1.6690784610682949 1.5000000000000293 234.82039812918154 461.63542932198635  1.6690784610681848 1.4999999999999807 238.34279052204522 461.78233101246303  1.6690784610682587 1.5000000000000056 241.60375535449106 462.01110328059889  1.6690784610682361 1.5000000000000027 246.08242224462956 462.48353101595052  1.6690784610682334 1.4999999999999931 249.91096007006814 463.15955795100911  1.6690784610682403 1.5000000000000324 251.1131828643104 463.4080610182175  1.6690784610682199 1.4999999999999516 252.23972925948684 463.68026346316981  1.6690784610682645 1.5000000000000422 253.2888793374367 463.97670390808668  1.6690784610682117 1.4999999999999714 254.25891318000143 464.29792097519066  1.6690784610682488 1.5000000000000082 255.14811086901878 464.64445328670251  1.6690784610682372 1.4999999999999958 256.76139410363726 465.38922564298502  1.6690784610682274 1.500000000000004 258.03757337878494 466.23956795467126  1.6690784610682543 1.4999999999999902 258.58966710832664 466.69167022158643  1.6690784610681659 1.4999999999999998 259.05404501168687 467.17124222179621  1.6690784610683644 1.5000000000000133 259.42898717068681 467.67882257752035  1.6690784610680922 1.4999999999999865 259.71277366718488 468.21494991098177  1.6690784610683436 1.5000000000000056 259.90368458300793 468.78016284440105  1.669078461068185 1.499999999999998 259.99999999999994 469.375  1.6690784610682508 1.5 260.00000000000011 470  1.6690784610682365 
1.4999999999999964 -33.388646386643387 472.660258  1.0367296232096121 1.4999999999999942 -33.388646386643842 472.94385594309523  1.0367296232096024 1.5000000000000031 -33.344942620006066 473.16967294614261  1.036729623209653 1.4999999999999825 -33.272814836749717 473.36244339703586  1.0367296232095291 1.5000000000000209 -33.18357908260009 473.56235711758848  1.0367296232097107 1.4999999999999656 -33.0232648423233 473.8309077217254  1.036729623209536 1.5000000000000229 -32.759741837620396 474.11937831508777  1.0367296232096492 1.4999999999999847 -32.395456955332037 474.42977674696857  1.0367296232096039 1.5000000000000098 -31.456302376061529 475.06377418778277  1.0367296232096164 1.4999999999999811 -30.106182041265328 475.69356057600203  1.0367296232096099 1.5000000000000482 -29.330422828094783 475.9991246296816  1.0367296232096039 1.499999999999909 -28.458622676465012 476.29024534892829  1.0367296232096437 1.5000000000000893 -27.495333411503935 476.56405004426688  1.0367296232095726 1.4999999999999369 -26.444293535236511 476.81902785485414  1.0367296232096377 1.5000000000000113 -25.308774203491055 477.0543341648559  1.0367296232096053 1.49999999999998 -21.658500439708689 477.6995982746721  1.0367296232096224 1.5000000000000107 -17.302070338516046 478.16157437746938  1.0367296232095995 1.4999999999999758 -14.106488590025094 478.38680640703041  1.0367296232096304 1.5000000000000175 -10.637980378391916 478.53206979841627  1.0367296232096017 1.4999999999999793 -6.9130620907069726 478.6010863696423  1.036729623209619 1.5000000000000107 -2.9474436352263638 478.59755913847886  1.0367296232096028 1.4999999999999907 1.2436905938569822 478.52535740985286  1.036729623209617 1.5000000000000042 14.449551851621621 478.1157091934478  1.0367296232096066 1.4999999999999865 29.422081760364222 477.1642417654889  1.0367296232096177 1.5000000000000246 40.07296459074891 476.3227535158332  1.0367296232095864 1.4999999999999509 51.280634863442749 475.30851940464186  1.0367296232096694 1.5000000000000397 62.933791044110919 474.15605726116996  1.0367296232095522 1.4999999999999727 74.921404317313488 472.89979604559801  1.0367296232096437 1.5000000000000011 87.132770751997882 471.57416846749692  1.0367296232096057 1.4999999999999973 111.78262439342227 468.85324118353026  1.0367296232096148 1.499999999999994 136.4462642519976 466.13079213416364  1.0367296232096128 1.5000000000000151 148.67149504276125 464.80367518994296  1.0367296232096088 1.4999999999999727 160.68017994589499 463.54507917188454  1.036729623209625 1.5000000000000135 172.36287336790835 462.38951501476066  1.0367296232095917 1.4999999999999916 183.61045459967681 461.3714974027381  1.0367296232096284 1.4999999999999971 194.31407565098951 460.52545215090549  1.0367296232096062 1.5000000000000013 209.39195584380928 459.56611212573949  1.0367296232096148 1.4999999999999947 222.76914967588783 459.15081528745702  1.0367296232096128 1.5000000000000107 227.0262534515503 459.07730466433446  1.0367296232096095 1.4999999999999709 231.06857395169931 459.07300683243994  1.0367296232096155 1.5000000000000273 234.88377687998451 459.1426704423896  1.0367296232096088 1.4999999999999751 238.46005345405482 459.29121043195607  1.0367296232096141 1.50000000000001 241.78640137047103 459.52352293866721  1.0367296232096124 1.4999999999999889 246.3873050495468 460.00640230657314  1.0367296232096115 1.5000000000000033 250.39410693664718 460.71319206687406  1.0367296232096124 1.4999999999999816 251.66303319337933 460.97489189128947  1.0367296232096082 1.5000000000000229 252.86508610747498 461.26431897060593  1.0367296232096226 1.4999999999999689 254.00009699840538 461.58339516510222  1.0367296232095975 1.5000000000000131 255.06836453190962 461.9347085800627  1.0367296232096228 1.4999999999999918 256.07100069677153 462.32220914940706  1.0367296232096104 1.5000000000000009 257.94744683121371 463.18196747375276  1.036729623209609 1.5000000000000007 259.56065080223681 464.24865465631109  1.0367296232096199 1.4999999999999658 260.30055337903434 464.84246075826087  1.0367296232095813 1.500000000000056 260.96578618105195 465.5131341653173  1.0367296232096661 1.4999999999999263 261.55535625876712 466.2597442726294  1.0367296232095558 1.5000000000000617 262.03369349762863 467.13208521899941  1.036729623209649 1.4999999999999609 262.34338754600378 468.06974063494454  1.0367296232095966 1.5000000000000095 262.49231461335808 469.03359794309529  1.0367296232096157 1.4999999999999976 262.49231461335671 470  1.0367296232096121 
-1.58182228582221 -33.030792425131636 472.660258  1.0383466998475064 -1.5818222858222133 -33.030792425132006 472.89483641808141  1.0383466998475011 -1.5818222858221969 -32.994642796082729 473.06766840761549  1.038346699847531 -1.5818222858222299 -32.939570249077235 473.20696245665607  1.0383466998474566 -1.5818222858221973 -32.878268670454617 473.35860162444988  1.0383466998475579 -1.5818222858222046 -32.748771346525444 473.59283162433155  1.0383466998474764 -1.5818222858222217 -32.5140876869024 473.85386330804585  1.0383466998475168 -1.5818222858222022 -32.176768958739871 474.14391548088815  1.0383466998475042 -1.5818222858222257 -31.286005389939305 474.74684948024145  1.0383466998475068 -1.5818222858221858 -29.973670768758581 475.3601258404052  1.0383466998475055 -1.5818222858222921 -29.214199390102237 475.65980754950306  1.0383466998475006 -1.5818222858220834 -28.356503924634183 475.94660694541074  1.0383466998475257 -1.5818222858223265 -27.405542811149957 476.21716153234945  1.0383466998474891 -1.5818222858221482 -26.365344385942876 476.46966617859033  1.0383466998475106 -1.5818222858222224 -25.239402536177693 476.70307765885394  1.0383466998475066 -1.5818222858221951 -21.614724457755273 477.34392475052118  1.0383466998475113 -1.5818222858222271 -17.275845479093988 477.80440017676113  1.0383466998474951 -1.5818222858221616 -14.08965162869508 478.0291238883143  1.0383466998475364 -1.5818222858222855 -10.628880268432809 478.17415204783356  1.0383466998474677 -1.5818222858221387 -6.9104436496498067 478.24312216718482  1.0383466998475432 -1.5818222858222515 -2.9503317482848388 478.23965025859678  1.0383466998474826 -1.5818222858221989 1.236066428728833 478.16754249745725  1.0383466998475122 -1.5818222858222279 14.429627465620399 477.75829980403586  1.0383466998475031 -1.581822285822182 29.394594120451174 476.80739756156402  1.0383466998475062 -1.5818222858222819 40.041690795350092 475.96623646588682  1.0383466998475004 -1.5818222858220941 51.246495800809726 474.95227397785902  1.038346699847533 -1.5818222858223365 62.897531458894413 473.80003453257081  1.0383466998474711 -1.5818222858221211 74.883631968381266 472.54394093594897  1.038346699847529 -1.5818222858222415 87.094003060276933 471.21842028166157  1.0383466998474995 -1.5818222858221778 111.74286696862511 468.49760224750111  1.038346699847515 -1.5818222858222388 136.40749656027725 465.77504394832823  1.0383466998474959 -1.5818222858221231 148.63372269382603 464.44782008029438  1.0383466998475483 -1.5818222858223532 160.64392036068455 463.18905644328458  1.0383466998474364 -1.5818222858220516 172.3287343052676 462.03326958797885  1.038346699847581 -1.5818222858223165 183.57918080428414 461.01498035279099  1.0383466998474533 -1.5818222858221693 194.28658801107389 460.16860794698096  1.0383466998475273 -1.5818222858222322 209.37203145780947 459.20870273632727  1.0383466998474948 -1.5818222858222049 222.7615255107595 458.79300037506147  1.0383466998475099 -1.5818222858222033 227.02336533849058 458.71939578445216  1.0383466998475093 -1.5818222858222331 231.07119239276082 458.71504262998275  1.03834669984749 -1.5818222858221682 234.89287698993581 458.7847526918066  1.0383466998475341 -1.5818222858222502 238.47689041539297 458.93352791324008  1.0383466998474791 -1.5818222858221858 241.81262622988828 459.16634873795897  1.0383466998475219 -1.5818222858222351 246.43108103150411 459.65072878242216  1.0383466998474933 -1.5818222858221833 250.46347860395812 460.36193556087221  1.0383466998475162 -1.5818222858223241 251.74198234267959 460.62553021502521  1.0383466998474677 -1.5818222858220139 252.95487670782157 460.91743045868918  1.0383466998475721 -1.5818222858224043 254.1022157502411 461.23975676158403  1.03834669984744 -1.5818222858220865 255.18458796990009 461.59539149988444  1.0383466998475457 -1.5818222858222419 256.20351196927891 461.98877441381012  1.0383466998474979 -1.5818222858221898 258.11774381733545 462.8650427662115  1.038346699847507 -1.5818222858222197 259.7793387988296 463.96279339023067  1.0383466998475133 -1.5818222858221938 260.54620752974995 464.57694575121877  1.0383466998474717 -1.5818222858222202 261.24027967685345 465.27505806792368  1.0383466998475694 -1.5818222858222011 261.86066667090881 466.05598877949075  1.0383466998474373 -1.5818222858222195 262.36693808530339 466.97660427861956  1.0383466998475555 -1.5818222858222004 262.69368736992641 467.96773609641753  1.0383466998474837 -1.5818222858222128 262.85016857486983 468.98457841808147  1.0383466998475122 -1.5818222858222093 262.85016857486846 470  1.0383466998475064 
-4.1236753815126912 -35.880960999999985 472.660258  0.85353433019614966 -4.1236753815126939 -35.880960999999928 473.285258  0.85353433019614378 -4.1236753815126672 -35.784645583007432 473.88009515559907  0.8535343301961773 -4.1236753815127543 -35.593734667185572 474.4453080890184  0.85353433019608971 -4.1236753815126015 -35.309948170686539 474.98143542247908  0.85353433019622582 -4.123675381512756 -34.935006011685886 475.48901577820453  0.85353433019608627 -4.1236753815126761 -34.470628108327901 475.96858777841317  0.85353433019618408 -4.1236753815126859 -33.918534378784386 476.4206900453288  0.85353433019613922 -4.1236753815127116 -32.642355103637584 477.27103235701503  0.85353433019615821 -4.1236753815126583 -31.029071869018566 478.01580471329748  0.85353433019614111 -4.1236753815128155 -30.139874180002096 478.36233702480956  0.85353433019616498 -4.1236753815124887 -29.169840337435772 478.68355409191287  0.85353433019613911 -4.1236753815128937 -28.120690259488157 478.97999453683053  0.85353433019615488 -4.1236753815125713 -26.994143864309223 479.25219698178233  0.85353433019614633 -4.1236753815127205 -25.791921070068611 479.50070004899089  0.85353433019615021 -4.1236753815126628 -21.963383244628346 480.17672698404948  0.85353433019615266 -4.1236753815127125 -17.484716354492946 480.64915471940105  0.85353433019614278 -4.1236753815126477 -14.223751522040416 480.87792698753719  0.85353433019616409 -4.1236753815127596 -10.701359129188262 481.02482867801336  0.85353433019613711 -4.1236753815126184 -6.9312985212024216 481.09416876860115  0.85353433019616076 -4.1236753815127329 -2.927329043388994 481.09025623707225  0.85353433019614067 -4.1236753815126912 1.2967899589846184 481.01740006119792  0.85353433019615144 -4.1236753815126646 14.588317503906381 480.60492753385415  0.85353433019615277 -4.12367538151274 29.613522554687165 479.64952380729176  0.85353433019614078 -4.1236753815125287 40.290774495536738 478.80575705654746  0.85353433019616931 -4.1236753815129639 51.518400247765975 477.78963119494074  0.8535343301961309 -4.1236753815124088 63.186325049109051 476.63561804464257  0.85353433019616554 -4.1236753815128617 75.184474137275799 475.37818942782758  0.85353433019613845 -4.1236753815126521 87.402772750000096 474.05181716666664  0.85353433019615299 -4.123675381512701 112.05951950000011 471.33012900000006  0.85353433019614933 -4.1236753815127125 136.71626624999979 468.60844083333325  0.85353433019614688 -4.1236753815125837 148.93456486272379 467.28206857217282  0.85353433019616831 -4.1236753815128697 160.93271395089232 466.02463995535669  0.85353433019612068 -4.1236753815125233 172.60063875223256 464.87062680506006  0.85353433019617608 -4.1236753815127782 183.82826450446385 463.85450094345202  0.85353433019613423 -4.1236753815126663 194.50551644531294 463.01073419270847  0.85353433019615543 -4.1236753815127098 209.53072149609329 462.05533046614573  0.85353433019614511 -4.1236753815126894 222.82224904101622 461.64285793880208  0.85353433019615343 -4.1236753815126672 227.04636804338409 461.57000176292775  0.85353433019614044 -4.1236753815127436 231.0503375212113 461.56608923139879  0.85353433019616043 -4.1236753815126139 234.82039812917833 461.63542932198669  0.85353433019614267 -4.1236753815127605 238.34279052204749 461.78233101246281  0.85353433019615066 -4.1236753815126637 241.60375535449037 462.01110328059895  0.85353433019615144 -4.1236753815127196 246.0824222446299 462.48353101595046  0.85353433019614733 -4.1236753815126663 249.91096007006814 463.15955795100916  0.85353433019615144 -4.1236753815128058 251.11318286431091 463.40806101821732  0.85353433019613922 -4.1236753815125224 252.23972925948468 463.68026346317009  0.85353433019617131 -4.1236753815128271 253.28887933744005 463.97670390808639  0.85353433019612457 -4.1236753815126264 254.25891317999907 464.29792097519078  0.85353433019616531 -4.1236753815126992 255.14811086901963 464.64445328670246  0.85353433019614622 -4.1236753815127063 256.76139410363646 465.38922564298508  0.85353433019614866 -4.1236753815126663 258.03757337878574 466.23956795467132  0.85353433019615499 -4.1236753815128067 258.58966710832351 466.69167022158638  0.85353433019612457 -4.1236753815124318 259.05404501169369 467.17124222179632  0.85353433019619751 -4.1236753815130438 259.42898717067817 467.67882257752018  0.85353433019609226 -4.1236753815123901 259.71277366719164 468.21494991098189  0.85353433019619562 -4.1236753815128537 259.90368458300469 468.78016284440093  0.85353433019612623 -4.123675381512645 260.0000000000008 469.375  0.85353433019615599 -4.1236753815126921 260.00000000000006 470  0.85353433019614966 
-1.5818222858222102 -38.73112957486839 472.660258  1.0383466998475068 -1.5818222858222164 -38.731129574868447 473.67567958191859  1.0383466998474939 -1.5818222858221898 -38.574648369931538 474.6925219035823  1.0383466998475606 -1.5818222858222539 -38.247899085293 475.68365372138123  1.0383466998473929 -1.5818222858221513 -37.741627670921531 476.60426922050789  1.0383466998476536 -1.5818222858222635 -37.121240676843712 477.38519993207785  1.0383466998473794 -1.5818222858221795 -36.427168529754368 478.08331224878026  1.0383466998475794 -1.5818222858222168 -35.660299798828305 478.69746460976955  1.0383466998474857 -1.5818222858222131 -33.998704817337511 479.79521523378844  1.0383466998475221 -1.5818222858221973 -32.084472969275851 480.67148358618994  1.0383466998474955 -1.5818222858222737 -31.065548969911873 481.06486650011573  1.0383466998475219 -1.5818222858220945 -29.983176750220764 481.4205012384154  1.0383466998475055 -1.5818222858223323 -28.835837707842387 481.74282754131139  1.0383466998474991 -1.5818222858221378 -27.622943342666986 482.03472778497451  1.0383466998475119 -1.5818222858222284 -26.344439603961519 482.29832243912784  1.0383466998475039 -1.5818222858221844 -22.312042031498407 483.00952921757766  1.0383466998475204 -1.5818222858222433 -17.693587229896252 483.4939092620412  1.0383466998474811 -1.5818222858221243 -14.357851415374029 483.72673008675952  1.0383466998475719 -1.5818222858223445 -10.773837989961464 483.87550530819414  1.0383466998474187 -1.5818222858220787 -6.9521533927387082 483.94521537001651  1.0383466998475896 -1.5818222858222895 -2.9043263385018747 483.94086221554818  1.0383466998474562 -1.5818222858221891 1.3575134892426206 483.86725762493847  1.0383466998475204 -1.5818222858222399 14.747007542188925 483.45155526367273  1.0383466998474922 -1.5818222858221702 29.832450988927263 482.4916500530191  1.0383466998475215 -1.5818222858223019 40.539858195714046 481.64527764720884  1.038346699847468 -1.5818222858220887 51.790304694734346 480.62698841202143  1.0383466998475717 -1.5818222858223145 63.475118639314076 479.47120155671513  1.0383466998474471 -1.5818222858221533 75.485316306174539 478.21243791970585  1.0383466998475368 -1.5818222858222266 87.711542439722592 476.88521405167171  1.0383466998474995 -1.5818222858221929 112.37617203137501 474.16265575249889  1.0383466998475168 -1.5818222858222313 137.02503593972315 471.44183771833838  1.0383466998474944 -1.5818222858221445 149.23540703161768 470.11631706405109  1.0383466998475581 -1.5818222858223288 161.221507541108 468.86022346742908  1.0383466998474211 -1.5818222858220812 172.87254319918713 467.70798402214109  1.0383466998475961 -1.5818222858222988 184.07734820465237 466.69402153411301  1.0383466998474462 -1.5818222858221789 194.72444487954783 465.85286043843604  1.0383466998475308 -1.5818222858222324 209.68941153438001 464.90195819596408  1.0383466998474911 -1.5818222858222049 222.88297257127169 464.49271550254275  1.0383466998475148 -1.5818222858222237 227.06937074828056 464.42060774140322  1.0383466998474864 -1.5818222858221975 231.02948264965823 464.41713583281506  1.0383466998475337 -1.5818222858222142 234.7479192684234 464.4861059521665  1.0383466998474871 -1.5818222858222182 238.20869062870145 464.6311341116857  1.038346699847513 -1.581822285822204 241.39488447909167 464.85585782323886  1.0383466998475093 -1.5818222858222224 245.73376345775696 465.31633324947876  1.0383466998475017 -1.5818222858221973 249.35844153617654 465.95718034114606  1.0383466998475135 -1.5818222858222779 250.48438338594846 466.1905918214095  1.0383466998474724 -1.5818222858220938 251.52458181113832 466.443096467651  1.0383466998475739 -1.5818222858223348 252.47554292464812 466.71365105458875  1.0383466998474289 -1.58182228582213 253.33323839009267 467.00045045049717  1.0383466998475579 -1.5818222858222291 254.09270976876121 467.3001321595948  1.0383466998474955 -1.5818222858222146 255.40504438993821 467.91340851975866  1.0383466998475048 -1.581822285822192 256.29580795873943 468.5163425191119  1.0383466998475217 -1.5818222858223057 256.63312668690787 468.80639469195404  1.0383466998474389 -1.5818222858220201 256.86781034651301 469.06742637566867  1.0383466998476323 -1.5818222858224409 256.99730767047146 469.3016563755499  1.0383466998473645 -1.5818222858220348 257.05860924906267 469.45329554334404  1.038346699847613 -1.5818222858222966 257.11368179609087 469.59258959238451  1.0383466998474562 -1.5818222858221893 257.14983142512961 469.76542158191853  1.0383466998475199 -1.5818222858222113 257.14983142513165 470  1.0383466998475068 
1.4999999999999978 -38.373275613356611 472.660258  1.0367296232096115 1.4999999999999938 -38.37327561335627 473.62666005690471  1.0367296232096006 1.5000000000000153 -38.224348546009537 474.5905173650554  1.0367296232096561 1.4999999999999594 -37.914654497617732 475.5281727810011  1.0367296232095209 1.5000000000000524 -37.436317258780463 476.40051372736951  1.036729623209721 1.4999999999999438 -36.846747181040456 477.14712383468378  1.0367296232095251 1.5000000000000355 -36.181514379041261 477.8177972417385  1.0367296232096535 1.4999999999999813 -35.44161180223432 478.41160334368902  1.0367296232096033 1.5000000000000182 -33.828407831215884 479.47829052624729  1.0367296232096141 1.4999999999999727 -31.951961696769757 480.33804885059283  1.0367296232096124 1.5000000000000777 -30.949325531913985 480.72554941993786  1.0367296232095937 1.499999999999871 -29.881057998400195 481.0768628348967  1.0367296232096557 1.500000000000123 -28.746047107478375 481.39593902939509  1.0367296232095617 1.4999999999999218 -27.543994193378182 481.6853661087099  1.0367296232096426 1.5000000000000162 -26.275067936647162 481.94706593312611  1.0367296232096026 1.4999999999999818 -22.268266049547464 482.65385569342675  1.0367296232096244 1.5000000000000089 -17.667362370469647 483.13673506133284  1.0367296232095951 1.4999999999999842 -14.341014454057884 483.36904756804381  1.0367296232096419 1.500000000000012 -10.764737879980586 483.51758755761051  1.0367296232095775 1.4999999999999869 -6.9495349517022191 483.58725116755983  1.0367296232096452 1.500000000000006 -2.9072144515492226 483.58295333566559  1.0367296232095857 1.4999999999999967 1.3498893241120697 483.50944271254298  1.0367296232096193 1.4999999999999947 14.72708315619056 483.09414587426056  1.0367296232096053 1.500000000000004 29.804963349011203 482.13480584909445  1.0367296232096155 1.4999999999999818 40.508584400320714 481.28876059726207  1.0367296232095948 1.5000000000000182 51.756165632095112 480.27074298523905  1.0367296232096515 1.4999999999999827 63.438859054102437 479.11517882811569  1.0367296232095695 1.5000000000000031 75.447543957239745 477.85658281005698  1.0367296232096337 1.4999999999999996 87.672774748002396 476.52946586583641  1.0367296232096055 1.4999999999999933 112.33641460657707 473.80701681646974  1.0367296232096186 1.5000000000000011 136.98626824800317 471.08608953250308  1.0367296232096033 1.4999999999999807 149.19763468268241 469.7604619544021  1.0367296232096443 1.5000000000000289 161.18524795589596 468.50420073882992  1.0367296232095611 1.4999999999999547 172.83840413655011 467.3517385953582  1.0367296232096588 1.5000000000000342 184.04607440925597 466.3375044841668  1.0367296232095804 1.4999999999999778 194.69695723963366 465.4960162345111  1.0367296232096246 1.500000000000014 209.66948714837986 464.5445488065522  1.0367296232096008 1.4999999999999856 222.87534840614236 464.13490059014714  1.0367296232096199 1.5000000000000544 227.06648263522931 464.06269886152108  1.0367296232095751 1.4999999999998814 231.03210109070071 464.05917163035775  1.0367296232096797 1.5000000000001341 234.75701937839909 464.12818820158361  1.0367296232095353 1.4999999999998939 238.22552759002033 464.27345159296971  1.0367296232096634 1.5000000000000426 241.42110933851734 464.49868362253062  1.0367296232095935 1.4999999999999676 245.7775394397091 464.9606597253279  1.0367296232096201 1.500000000000012 249.42781320348951 465.60592383514415  1.0367296232096102 1.4999999999999547 250.56333253524443 465.84123014514563  1.0367296232096028 1.5000000000000602 251.61437241148985 466.09620795573358  1.0367296232096372 1.4999999999999341 252.57766167647941 466.37001265107114  1.0367296232095786 1.5000000000000362 253.44946182808621 466.66113337031857  1.0367296232096326 1.4999999999999822 254.22522104126736 466.96669742399791  1.0367296232096073 1.5000000000000115 255.57534137606046 467.59648381221729  1.0367296232096102 1.4999999999999867 256.51449595533222 468.23048125303148  1.0367296232096184 1.5000000000000211 256.87878083762286 468.54087968491194  1.0367296232095813 1.4999999999999529 257.14230384231803 468.82935027827506  1.0367296232096646 1.5000000000000411 257.3026180826057 469.09790088241112  1.0367296232095566 1.4999999999999731 257.39185383674629 469.29781460296425  1.0367296232096466 1.5000000000000042 257.46398162000753 469.49058505385744  1.0367296232095968 1.4999999999999964 257.50768538664363 469.71640205690477  1.036729623209615 1.4999999999999971 257.50768538664346 470  1.0367296232096115 

0 6
6.2831853071795862 6

0 10
0.062499999999999993 7
0.12499999999999999 7
0.24999999999999997 7
0.49999999999999994 7
0.75 7
0.875 7
0.9375 7
1 10

9 1 1 1 0 6 11 6 75 2 9 2.0000000000000568 260 560  1.6690784610682365 1.9999999999999147 259.99987162008972 560.24987687155999  1.6690784610682301 2.0359367130446628 259.99813623362343 560.44695364572874  1.6690784610682563 2.0945138088651731 259.99538036997768 560.60611295413526  1.6690784610682226 2.170662932767101 259.99179456739785 560.75075851799932  1.6690784610682166 2.2611822263830561 259.98753827419989 560.92874070829123  1.6690784610682949 2.446313801645374 259.97855604944056 561.15208322486728  1.6690784610681675 2.7014811702842394 259.96581896967973 561.37617966951996  1.6690784610682858 3.0449490515394189 259.94836257386743 561.61373464332223  1.6690784610682166 3.4707579439794358 259.92633416484375 561.84649617758816  1.6690784610682357 4.4847124715673772 259.87305443201211 562.29659153754994  1.6690784610682523 5.8119621656821039 259.80149392596303 562.69838334669623  1.6690784610682059 6.5511290643140683 259.76118268105728 562.88318150065197  1.6690784610683786 7.3627718574310848 259.71640108279712 563.04958706151183  1.6690784610679519 8.2440255323440113 259.66720358005369 563.19634494910315  1.6690784610686062 9.1924130679692269 259.61362685381499 563.32279235006149  1.6690784610679146 10.205829436975279 259.55568923900682 563.42859672041993  1.6690784610684024 11.282418629864139 259.49339609891615 563.51362502249208  1.6690784610682234 12.420439570184726 259.42674610353282 563.57788993125268  1.6690784610681895 17.451103886671916 259.12849259880022 563.76113095524624  1.6690784610684704 23.509787116479828 258.75297151676028 563.58351375154314  1.6690784610677127 28.673427466531393 258.42250443365208 563.2448382837066  1.6690784610697635 34.3460639152959 258.04751001436455 562.71534634769966  1.6690784610655203 40.490998109383156 257.6273390290753 562.00675294084112  1.669078461071611 47.072516943422926 257.16106310479046 561.13077635693776  1.6690784610651856 54.055963142028105 256.64734218521113 560.09981358203549  1.6690784610702458 61.407018826813101 256.08425706170556 558.92616414278461  1.6690784610673302 69.091237766186836 255.46963807992483 557.62160929151923  1.6690784610684559 84.294871893944773 254.1986885167712 554.91147306601545  1.6690784610680602 100.46211713259139 252.74209257637375 551.8159619054835  1.6690784610683667 108.33180787697572 252.0037979631912 550.26783690803677  1.6690784610678135 116.36821417155465 251.21597286000602 548.65036234362526  1.6690784610691196 124.54640760693331 250.37825910147632 546.97281369281609  1.6690784610669398 132.84198840662896 249.49458750027276 545.24446675604952  1.669078461069603 141.23077955746123 248.56967959952107 543.47437869834687  1.6690784610672009 149.68827837734551 247.6040115277481 541.67156677952266  1.6690784610687794 158.18944496373186 246.59317887685029 539.84506793323771  1.6690784610680669 171.16739163758524 244.97755669885245 537.0399850936692  1.669078461068344 184.1285112968618 243.23203839527088 534.22036447298126  1.6690784610681826 188.57561919038866 242.6172601435932 533.25131004811635  1.6690784610683704 193.01369962466461 241.9874788072118 532.28314610850964  1.6690784610680671 197.4392273789552 241.34277673231867 531.3171759690174  1.6690784610683536 201.84867778896967 240.68321540543127 530.35470192988407  1.6690784610681983 206.23852908394579 240.00885314363131 529.39702468691723  1.6690784610682323 210.60526448880043 239.31975701711005 528.44544296619688  1.6690784610682496 214.94537409067527 238.61600900404582 527.50125338345015  1.6690784610682241 223.80870795272577 237.13884380255476 525.57742321282899  1.669078461068265 232.52986629993683 235.60057966053006 523.69579730373448  1.669078461068193 236.96846680747564 234.79392761973415 522.74179940958493  1.6690784610684319 241.3611706660223 233.97062070134399 521.80196061415108  1.6690784610678178 245.70379660446349 233.1304255592112 520.87779362853416  1.6690784610688105 249.99216818885867 232.27312718916764 519.97081232285871  1.6690784610676852 254.22211457435492 231.39852690864086 519.0825314042055  1.6690784610686087 258.38947125667522 230.50644033618627 518.21446609454927  1.6690784610680793 262.49008082402344 229.59669537111347 517.36813180870956  1.6690784610682543 272.55364492477895 227.28024948632142 515.31260109262951  1.6690784610682505 282.14922106813088 224.85170604631452 513.41149840519574  1.6690784610681844 287.72028815418969 223.35458656604422 512.33224604702434  1.6690784610684288 293.09525841224911 221.81575988438644 511.31867021016672  1.669078461067885 298.26025951389693 220.23455360464914 510.37585633934725  1.6690784610686977 303.20146431547107 218.61028424029467 509.50889713542904  1.6690784610677676 307.90511759736154 216.94224285852007 508.72288642287396  1.6690784610686058 312.35756769990212 215.22966143834518 508.02291910290978  1.669078461068018 316.54529262655717 213.47163713680024 507.41410839086802  1.6690784610683256 324.36452773989015 209.86234617394584 506.38915468003677  1.6690784610681093 331.01829878911974 206.0598421156634 505.77084312228885  1.6690784610684011 334.04066951308039 204.10872705176953 505.56859678133026  1.6690784610675253 336.74445120380005 202.10445780349278 505.47942260890682  1.6690784610697913 339.1195282074583 200.0485214171635 505.50655028420897  1.669078461065951 341.1463851332141 197.92508816303516 505.66233853518082  1.6690784610706781 342.81658289808229 195.75023753290884 505.94424205616997  1.6690784610662939 344.1137735065364 193.48703488966046 506.37125742037472  1.6690784610693772 344.99399678706834 191.1538321237303 506.95089638310401  1.6690784610677663 345.44066515292553 188.76734163400474 507.68286991609631  1.6690784610683502 345.44290697053265 186.33954951315829 508.56685176590219  1.6690784610682365 
1.9999999999999432 263.32308615114209 560  1.0367296232096121 2.0002133087582763 263.32295777123113 560.27077405852367  1.0367296232096213 2.0391668788918764 263.3210778168293 560.49113450279697  1.0367296232095722 2.1046995766481587 263.31797583441517 560.67497404734797  1.0367296232097267 2.1922949360597386 263.31381311159038 560.84392956814486  1.036729623209393 2.299397570257554 263.30871029069999 561.04207813183325  1.0367296232099072 2.499745519113219 263.29893130836552 561.27960651951707  1.0367296232093268 2.7702208760264568 263.2853888401869 561.51574868179625  1.0367296232098058 3.1276418641253088 263.26718761687505 561.76198618913043  1.0367296232095293 3.5662636437947128 263.24446964553005 562.00159865796991  1.0367296232096235 4.603525935324825 263.18992542532749 562.46223820001421  1.0367296232096197 5.949861742114507 263.11731443606158 562.86982044547665  1.0367296232095857 6.6976181996367643 263.07652763038664 563.05668772443801  1.036729623209752 7.5170403818470106 263.03131366974651 563.2245668484436  1.0367296232093104 8.4054010343588743 262.98172046122954 563.37234968509767  1.0367296232100245 9.3603352385544838 262.92777926658681 563.49946932917771  1.036729623209228 10.379822837758837 262.86950431979415 563.60565823690513  1.0367296232098464 11.462073997677152 262.80689784634967 563.69082845712126  1.0367296232095415 12.60540538954919 262.73995587033619 563.75502296646005  1.0367296232095975 17.65711950605467 262.44055604279492 563.93715240940105  1.0367296232097243 23.732231736605172 262.06420055290675 563.75515608003991  1.0367296232093468 28.906944755959046 261.73314195635947 563.41324703091175  1.0367296232103844 34.59001964814712 261.35749107210819 562.88177692055024  1.0367296232082781 40.74527671965015 260.93655487333479 562.17299714189255  1.0367296232111951 47.337354976736478 260.46937251918877 561.29877541808662  1.0367296232082637 54.331755001626675 259.95459525342176 560.27102003737002  1.0367296232104388 61.694052188520473 259.39037096160871 559.10063713042564  1.0367296232092658 69.389525911054093 258.77465768319956 557.79764536324853  1.0367296232096923 84.614577171910838 257.50175611050929 555.08683271559744  1.0367296232095435 100.80655616816622 256.04221811086569 551.99957974737515  1.0367296232096681 108.68769217309392 255.30268586261968 550.45101596076699  1.0367296232094054 116.73455705852042 254.51431574547144 548.8252286133893  1.0367296232100778 124.92219948976646 253.67632955278896 547.13227843212064  1.0367296232088967 133.22782319626594 252.79205182521201 545.38921334652525  1.0367296232103778 141.62934779465184 251.86585952600842 543.61413472390495  1.0367296232090322 150.10292441045598 250.89805550708752 541.81818486988402  1.036729623209915 158.62237243224541 249.88422261735877 540.00457459218774  1.0367296232095193 171.62972085425906 248.26353490971437 537.21889475719036  1.0367296232096677 184.61870325016929 246.51400487695088 534.39776410699699  1.0367296232095897 189.07532874724214 245.89793354065537 533.42624236428537  1.0367296232096388 193.52297812465778 245.26690441039852 532.45406186221169  1.0367296232096248 197.9582199780526 244.62096013952402 531.48285279921515  1.0367296232095251 202.37761972280907 243.9601229461727 530.51421039478964  1.0367296232097403 206.7777479960165 243.28441231504067 529.54972348875719  1.0367296232095071 211.15518684934136 242.59385662397293 528.5909940784303  1.0367296232096672 215.50653373312252 241.8884986953999 527.63964779383309  1.0367296232095959 224.39431313702786 240.40763021640524 525.7018138531497  1.0367296232096288 233.14318511166164 238.86467318236706 523.80923871717425  1.0367296232095959 237.59689589569498 238.05534616789993 522.85020088700855  1.036729623209667 242.00560581589309 237.22909174812719 521.90572207267962  1.0367296232095058 246.36517021114489 236.38566141594004 520.97716352295254  1.0367296232097374 250.6714645493272 235.52481704785501 520.0659188189901  1.0367296232095156 254.92038666237858 234.64632765752796 519.17341110583766  1.0367296232096594 259.10785898206996 233.74996614923006 518.30109032409541  1.036729623209601 263.22983077511822 232.8355060713663 517.45043044138311  1.0367296232096097 273.35017619895098 230.50601781891496 515.38387201785406  1.0367296232096221 283.01204532101264 228.06076050539949 513.47117219947972  1.0367296232095926 288.62670814238561 226.5520304666706 512.38441773505235  1.0367296232096561 294.04973278494566 224.99969311969647 511.36250675010086  1.0367296232095755 299.26797951480205 223.40260697622438 510.41034062869943  1.0367296232096159 304.2685172175976 221.75942927440354 509.53291119070275  1.0367296232096292 309.03874968771976 220.06857358128011 508.73526171776223  1.0367296232096059 313.56656254766199 218.32807048595441 508.02247990167956  1.0367296232095971 317.84043785061101 216.53522714782741 507.39977555824129  1.0367296232096328 325.85852898424861 212.83673578243011 506.34561634025312  1.03672962320957 332.77580002596039 208.88668780027774 505.69911798402831  1.0367296232096752 335.94939173811116 206.84285799819509 505.48370434827694  1.0367296232093244 338.8234858650639 204.71615927597588 505.38642651197142  1.0367296232102419 341.40296903484091 202.514832073587 505.40363001569432  1.0367296232087002 343.64608267747303 200.16587636372449 505.57526954262505  1.0367296232105654 345.56700616048522 197.74685836668152 505.86984719680675  1.0367296232088679 347.13686415142593 195.08447628454564 506.35952624625372  1.0367296232100436 348.20001405522891 192.27139942037627 507.05935464432935  1.0367296232094367 348.73146256535432 189.38981574865232 507.94810091665897  1.0367296232096546 348.73317698918174 186.49888273546034 509.00461619634603  1.0367296232096121 
-2.1090963810962648 263.80022476649123 560  1.0383466998475064 -2.1088524448340138 263.80036014929243 560.81101169839985  1.0383466998475168 -1.9922014630047329 263.79475737174272 561.62348319132832  1.0383466998474637 -1.7459222059107447 263.78266228370262 562.42135012531435  1.0383466998476225 -1.3661373011693172 263.76377004090762 563.17867376548384  1.0383466998472968 -0.85082952403658396 263.73779765759201 563.84144065419923  1.0383466998477751 -0.29415457677623635 263.70931656444907 564.39563270271492  1.0383466998472555 0.32937405792185359 263.67716546613866 564.89344341614913  1.0383466998476745 0.99674258278884054 263.64237009784654 565.32083869461314  1.0383466998474302 1.7123824800111436 263.6046986035584 565.69957976447631  1.0383466998475248 3.2384380985775465 263.52355032719868 566.36801531905587  1.0383466998474911 4.9581238865036426 263.43031810456944 566.88159205730005  1.0383466998475184 5.867325767737043 263.3805648362067 567.10508349135489  1.0383466998474737 6.8271853712405459 263.32753258936714 567.29872379510789  1.0383466998475701 7.8387829459233558 263.27108600202712 567.46476670922596  1.0383466998474067 8.9027602464177562 263.21110973302609 567.60478303235914  1.0383466998476387 10.019335598605636 263.1475092955277 567.71995993242706  1.0383466998473674 11.188443348922533 263.08020498340767 567.81125141537416  1.0383466998476107 12.409887002464416 263.00912471143647 567.87944091844508  1.0383466998474575 17.758622103493565 262.69444760217681 568.07153244502183  1.038346699847684 24.017003345231217 262.31103777835295 567.87783704212086  1.0383466998471327 29.297941708081169 261.97602623742381 567.52710762740389  1.0383466998485655 35.064293417426427 261.59587208642944 566.98630322607858  1.038346699845639 41.286585430468193 261.16890098605927 566.26865738999959  1.0383466998498245 47.93411524922999 260.69374592285118 565.3869576671957  1.0383466998454001 54.974844808701363 260.16950120368205 564.35254614004066  1.0383466998489046 62.376075556530921 259.5959585564749 563.17583306972256  1.0383466998468673 70.105052554808296 258.97324311683872 561.86735306239495  1.0383466998476689 85.385202155303773 257.69183247074307 559.14684761824662  1.0383466998473623 101.61694362401234 256.21270381850354 556.05264259146713  1.0383466998476296 109.51464248850937 255.46936249429331 554.50080703610286  1.0383466998470523 117.57659691282339 254.6871425896461 552.87181014736507  1.0383466998484823 125.77820207407063 253.86423355192977 551.17524199457773  1.0383466998460604 134.0961556400174 252.99408892408846 549.42868238979975  1.0383466998490405 142.50748429142502 252.06962765256273 547.65139642813745  1.038346699846334 150.98790815596826 251.08844157739577 545.85477865687039  1.0383466998481234 159.51166170761798 250.0534528833459 544.04111005169648  1.0383466998473203 172.52307287237844 248.40061079470433 541.25567442031149  1.0383466998476067 185.51595357623205 246.64495427765777 538.43386690667592  1.0383466998474795 189.97385599148492 246.02918826975119 537.46204960771649  1.0383466998474664 194.4226838937891 245.4003637493571 536.48953720990141  1.0383466998477131 198.85897222846427 244.75810372231834 535.51797661145667  1.0383466998471023 203.27925108091139 244.10205367736475 534.54897693950011  1.038346699847994 207.68005014758182 243.43186294422549 533.58414355226432  1.03834669984711 212.05790119725262 242.74717178211554 532.62510118435182  1.0383466998477155 216.40933852437558 242.04760419918583 531.67350623518632  1.0383466998474513 225.29647904580727 240.57756450865236 529.73537297242422  1.038346699847553 234.0425984182923 239.04122497752161 527.8431252890839  1.0383466998474684 238.49434883976045 238.23446434550846 526.88440992527842  1.0383466998476161 242.90055862282759 237.41017452164223 525.94039812326378  1.038346699847305 247.25708319148231 236.56829563063442 525.01244321757645  1.0383466998477509 251.55979035595257 235.70873935363426 524.1019329698621  1.0383466998472977 255.80456121630354 234.83138965672993 523.21028711077861  1.0383466998476272 259.98729106692957 233.93610351945222 522.3389548821018  1.0383466998474702 264.10389030014818 233.02271166328197 521.48941257862873  1.0383466998475004 274.20911534451335 230.69595879323469 519.42598149687228  1.038346699847537 283.85119668450767 228.25370123826752 517.51730710764787  1.0383466998474473 289.452191827295 226.74735742344757 516.43327397032272  1.0383466998477104 294.85954700396923 225.19837585388865 515.41440002357342  1.0383466998471289 300.05987227991238 223.60596026538488 514.46559196233193  1.0383466998480044 305.03991697265775 221.96910859733887 513.59184395230466  1.0383466998470159 309.78665529654768 220.28659606561678 512.79820654036973  1.0383466998478621 314.28738483872559 218.55688980220913 512.0897786930442  1.0383466998473256 318.52980023713951 216.7779259939401 511.47175877911332  1.038346699847561 326.47420864947662 213.11543490823311 510.42742184293576  1.0383466998474458 333.29146223566352 209.22505834116595 509.7903505785776  1.0383466998475728 336.40709485181111 207.21859216437136 509.57934400958578  1.0383466998472395 339.21528445138335 205.14103124684198 509.48457924227898  1.038346699848085 341.71499807770272 202.99756159849863 509.50525787058768  1.0383466998466602 343.8725219727371 200.73852855930255 509.67038531515959  1.0383466998484012 345.69376487680302 198.41632181226049 509.96001606396544  1.0383466998467998 347.1527837322194 195.91297465435696 510.42539787253583  1.0383466998479216 348.13936178477161 193.29315336680335 511.07770753077216  1.0383466998473332 348.63252204928449 190.61314177978767 511.90378043802315  1.0383466998475495 348.62955482604684 187.91327546680839 512.89062828796557  1.0383466998475064 
-5.4982338420169015 260 560  0.85353433019614966 -5.4982338420138603 260.00035293138296 561.23022132610561  0.85353433019615299 -5.3213061901033711 259.99186205627001 562.50167530090982  0.85353433019613156 -4.9347271902156535 259.97278635857947 563.77483859498159  0.85353433019621228 -4.3283928133693053 259.94247344820428 564.98676240728844  0.85353433019601765 -3.4973302468327176 259.90035640479221 566.00729123834958  0.85353433019634006 -2.6659639091371332 259.85745553149383 566.80476129637839  0.85353433019595404 -1.7705596307253018 259.81097264702794 567.50319155057321  0.8535343301962921 -0.86515873108217534 259.76343058938414 568.06904633203953  0.85353433019608138 0.062792685607433896 259.71429582758947 568.55389320181882  0.85353433019616542 1.962585059989749 259.61280061256889 569.38040977113178  0.85353433019614044 3.9661189632192304 259.50388594256628 569.97410201952812  0.8535343301961521 4.9976391552526707 259.44733739627929 570.22518939988367  0.85353433019615554 6.063512341259667 259.38840235812484 570.43821759170248  0.853534330196141 7.167785306110801 259.32680256345583 570.61802772208898  0.85353433019614111 8.3134381990906832 259.26230859386703 570.76783270754458  0.85353433019618863 9.5024285167347671 259.19474146611168 570.88993751523537  0.85353433019608949 10.736029175006962 259.12395785778557 570.9860986463957  0.85353433019620573 12.01519712645819 259.04983284693577 571.05767202098832  0.85353433019611702 17.582346836221745 258.72400187318772 571.25938298938422  0.853534330196279 23.971152800037601 258.33582674229945 571.06156481383084  0.85353433019587288 29.32573085236001 257.99830135144759 570.70764126624101  0.85353433019694003 35.14759495817043 257.61526142004277 570.16163451755449  0.85353433019475944 41.412149092196785 257.18427850534852 569.4369112578288  0.85353433019785663 48.092088665830929 256.70369156173768 568.54682911505734  0.85353433019463143 55.157206491644416 256.17297130928546 567.50287991249695  0.85353433019712477 62.576362339324348 255.59318062535274 566.31682340105488  0.85353433019572567 70.31876883691362 254.96607089203172 565.00184412806107  0.85353433019624592 85.617334334358432 253.68010550876383 562.27419782265099  0.85353433019607639 101.85065723672906 252.18853160612409 559.16383690444081  0.85353433019619851 109.74757294778826 251.44361050412633 557.6098565859246  0.85353433019599556 117.80877422553377 250.66715103940504 555.98870330678199  0.85353433019648806 126.00997097844483 249.85702128734175 554.30858795542849  0.8535343301956253 134.32541984144302 248.99929842135649 552.57772054076827  0.85353433019672253 142.72876504705104 248.07788580430318 550.80491212619245  0.85353433019570624 151.19454612954672 247.08835794025075 548.99908347905864  0.85353433019638536 159.69877950534615 246.0397064990085 547.16910128106417  0.85353433019607439 172.67643631530782 244.36673657308518 544.35938030666398  0.85353433019619929 185.63736928618917 242.61108983614349 541.53892019379919  0.85353433019612324 190.08431359156387 241.99720754369295 540.56997289974697  0.85353433019621994 194.52203743929067 241.37177608790714 539.60225569452768  0.85353433019605462 198.94692962313985 240.73412244667759 538.63701672025536  0.85353433019622382 203.35537740756013 240.08363094354678 537.67550690828466  0.85353433019611502 207.74376010187171 239.41969461524144 536.71898160081082  0.85353433019615788 212.10844328212798 238.74168243514083 535.76870155498671  0.85353433019615166 216.44577365900869 238.04892239283771 534.82593332961301  0.85353433019614489 225.30153675211633 236.59248773603861 532.90522606814784  0.85353433019616076 234.01041097131088 235.06752871873866 531.02706648309299  0.85353433019613245 238.44147520778552 234.26626065061635 530.07497752880488  0.85353433019622771 242.82542311712189 233.44731097604364 529.13720665735298  0.85353433019598535 247.15806399137858 232.61079453445655 528.21529182248901  0.85353433019636482 251.43519382426064 231.7567757409744 527.31076779169064  0.85353433019595315 255.6525932449178 230.88527414084484 526.42516703154115  0.85353433019627745 259.80602545103557 229.99626996372547 525.56002059310765  0.85353433019609481 263.89123414258489 229.0897096781454 524.71685899732495  0.85353433019615976 273.91232954394104 226.7816725021008 522.66992437474937  0.85353433019614111 283.4544278270032 224.3629821677915 520.77920579465376  0.85353433019615388 288.98913182424661 222.87325910929218 519.70688490090049  0.85353433019613156 294.32291794923083 221.34409592444229 518.70103489876556  0.85353433019620017 299.44126536453894 219.77557308348113 517.76679914963199  0.8535343301960755 304.3295290137047 218.16780154383517 516.90930106678707  0.85353433019621505 308.97286611372738 216.52096221782912 516.13366097478138  0.85353433019611991 313.35614918216311 214.83539845794337 515.4449962378294  0.85353433019614378 317.4638942782467 213.11182425819553 514.84837387268522  0.85353433019617109 325.09657197681679 209.59159748584744 513.84899584887421  0.85353433019610048 331.4987929988236 205.93663895218458 513.25527192940388  0.85353433019622671 334.3757793964358 204.07799668316878 513.06451750039662  0.85353433019579505 336.91467590105026 202.19547114021552 512.98205237858758  0.85353433019692682 339.09063413728427 200.28320623212039 513.01812164171213  0.85353433019501812 340.90464670552507 198.38295170997006 513.15787354517909  0.85353433019733915 342.32725614146739 196.44873514368874 513.42742927525433  0.85353433019521852 343.35074750518061 194.58032614246349 513.79368887465057  0.85353433019668934 344.04331495789802 192.72550518662067 514.25512549317182  0.85353433019592961 344.3979022242026 190.83655991082753 514.83165754681386  0.85353433019620228 344.39173920549041 188.8787711178993 515.54330578791939  0.85353433019614966 
-2.1090963810963217 256.19977523350877 560  1.0383466998475068 -2.1093403173471188 256.19991061631015 560.76321636367879  1.0383466998475046 -1.9995893884575651 256.19463848962897 561.52243423888206  1.0383466998475124 -1.7692187470966019 256.18333503263796 562.26385337682359  1.0383466998475146 -1.4156132830891863 256.16576230221688 562.96557611096296  1.0383466998474657 -0.93823435739489014 256.14172606818931 563.58221915689205  1.0383466998475832 -0.41636178258173118 256.11506729189261 564.10396576383971  1.0383466998474202 0.17215494294447353 256.08475825052022 564.57422592195883  1.0383466998475721 0.80761039645966548 256.05166642635731 564.98176280525684  1.038346699847472 1.4939450942566168 256.01557207552838 565.344834650758  1.038346699847521 2.9666919884599565 255.93731589164645 565.98915391098319  1.0383466998474848 4.6427246691415291 255.8464862984714 566.48948696038337  1.0383466998475364 5.532280803684074 255.79782071651636 566.70824596214686  1.0383466998473743 6.4743476531433828 255.7457773541891 566.89851598244877  1.0383466998478004 7.4696903907693581 255.69023581163214 567.06221466793045  1.0383466998470712 8.5186943734980787 255.63109314235464 567.2006934595064  1.0383466998479751 9.6213838148516118 255.56826423908927 567.31499085877044  1.0383466998471371 10.777541706762918 255.50167657235284 567.40595775138297  1.0383466998477093 11.986839476329123 255.4312641085387 567.4743082696092  1.0383466998474447 17.287430191228452 255.11920882978964 567.66894216653839  1.0383466998476938 23.508235581721834 254.73770743519199 567.48526255077377  1.0383466998471333 28.76384891215082 254.40404878367326 567.14192887314971  1.0383466998485458 34.506326169180056 254.02539607698381 566.60564888481497  1.0383466998456825 40.705008048101405 253.60017514687334 565.88842931206136  1.0383466998497695 47.328386714200107 253.12709323916076 565.00271593287414  1.0383466998454534 54.344063054780818 252.60526455906057 563.96096856299607  1.038346699848868 61.719582621786714 252.03432737881698 562.77678439112151  1.0383466998468875 69.422818063051366 251.41411477718646 561.46472935109284  1.0383466998476591 84.653983125742883 250.13716870085861 558.74577099664873  1.0383466998473818 100.82915438593119 248.66476902638547 555.63267811351739  1.0383466998476023 108.70067604009692 247.92425837896374 554.08184614178151  1.0383466998471771 116.73870993141364 247.14328501170601 552.47186196730331  1.0383466998482196 124.9187036709253 246.32099907610271 550.81051967072472  1.0383466998464319 133.21368744230827 245.45224075988202 549.09762291498737  1.0383466998486641 141.59589258584981 244.53071712076559 547.33175120352178  1.0383466998466118 150.03954386286259 243.55441631122011 545.51943875121492  1.038346699847986 158.52148473770478 242.52628966129734 543.67629185066687  1.0383466998473523 171.46564922486624 240.8850332796433 540.84647832767109  1.0383466998476067 184.39480322588179 239.13855225302916 538.02812450212139  1.0383466998474558 188.83093730227827 238.52574374424483 537.06195036855786  1.0383466998476358 193.2578794435193 237.89977313553487 536.09862451570086  1.0383466998473505 197.67195002140403 237.26035421685319 535.13904620477126  1.0383466998475874 202.06947309406146 236.60722229025973 534.18415460795109  1.0383466998475346 206.44676700594462 235.94011550154963 533.2348960502901  1.0383466998474284 210.80013749259629 235.25876260579662 532.29220163475134  1.0383466998475661 215.12587329104187 234.56287716681697 531.35697525045657  1.0383466998474857 223.95710280122171 233.10130748653776 529.45087093391817  1.0383466998475328 232.63983650839575 231.57570137828199 527.58366594960705  1.0383466998474762 237.05702721976638 230.77505885499892 526.63647775590857  1.0383466998476245 241.42662848350614 229.95751045596685 525.70307844717149  1.0383466998472715 245.74441199019992 229.12303098153089 524.78516777743448  1.0383466998477975 250.00612684237217 228.27158499055332 523.88440862917037  1.0383466998472657 254.20749706447896 227.40313033320359 523.00243015058197  1.0383466998476387 258.34421911405138 226.51762168367722 522.1408308928219  1.0383466998474709 262.41195939176765 225.61501407298803 521.30118194727493  1.0383466998474986 272.38731612672916 223.31809126231158 519.2629730626353  1.0383466998475435 281.87777442230833 220.91406110992443 517.38082323654908  1.0383466998474378 287.37905888322194 219.43427256920211 516.31394866130131  1.0383466998477522 292.67650570730467 217.91619213349242 515.31413858154463  1.0383466998470334 297.75504939488451 216.36009642877195 514.38672066951858  1.0383466998481594 302.59938989542457 214.76649126660931 513.53691982247153  1.0383466998468385 307.19385056633723 213.13615885121172 512.76990218713649  1.03834669984801 311.52221297492622 211.47031409282897 512.09078321914853  1.0383466998472424 315.56758816512001 209.7709871998409 511.50454034603251  1.0383466998475899 323.0571798564971 206.31251223861526 510.52700125172299  1.0383466998474113 329.27176522897787 202.75959311208248 509.95439787340985  1.0383466998476145 332.04153034813021 200.96518092865657 509.77350709288771  1.0383466998470756 334.46018714096158 199.16763653658154 509.6972767497503  1.0383466998484263 336.49238994122737 197.35669981399249 509.74065360553811  1.0383466998461754 338.155298835135 195.61347405904681 509.86952655123338  1.0383466998489079 339.40309041018099 193.84971860270562 510.13016945405548  1.0383466998464048 340.23847371004268 192.25936106999666 510.45222901466258  1.0383466998481514 340.80666821603666 190.73709148591834 510.82964548742956  1.038346699847239 341.10592222045909 189.18944017266853 511.29715312152337  1.0383466998475726 341.1041612342998 187.54885394417707 511.88938838337265  1.0383466998475068 
1.9999999999999716 256.67691384885791 560  1.0367296232096115 1.9997866912494544 256.67678546894791 560.22897968459552  1.0367296232096019 2.0327065471639969 256.67519465041943 560.40277278866347  1.0367296232096457 2.0843280411629337 256.67278490553622 560.53725186091788  1.0367296232095533 2.1490309293376413 256.66977602321197 560.65758746785752  1.0367296232096748 2.2229668826780937 256.66636625769166 560.81540328474637  1.0367296232095686 2.3928820840195328 256.65818079052355 561.02455993022215  1.0367296232096208 2.6327414646516445 256.64624909916654 561.23661065723752  1.036729623209625 2.9622562389004941 256.62953753086333 561.46548309751779  1.0367296232095944 3.3752522441764086 256.60819868415609 561.69139369720574  1.0367296232096213 4.3658990078028523 256.55618343869833 562.13094487508567  1.0367296232095984 5.6740625892514345 256.48567341586295 562.5269462479165  1.0367296232096279 6.4046399289993019 256.44583773173383 562.70967527686287  1.0367296232095384 7.2085033329843498 256.40148849583647 562.87460727458688  1.0367296232097702 8.082650030386759 256.35268669889206 563.02034021309964  1.0367296232093828 9.0244908973150189 256.29947444103067 563.14611537095402  1.0367296232098471 10.031836036248478 256.24187415822695 563.25153520392826  1.0367296232094338 11.102763262020972 256.17989435148013 563.3364215878662  1.0367296232097114 12.235473750827481 256.11353633672957 563.40075689604441  1.0367296232095728 17.245088267275236 255.81642915480572 563.5851095010936  1.0367296232097483 23.287342496377278 255.44174248061299 563.41187142304284  1.0367296232093246 28.439910177044283 255.11186691094821 563.07642953651123  1.0367296232104242 34.102108182552115 254.73752895661352 562.54891577483124  1.0367296232081971 40.236719498972917 254.31812318482659 561.84050873981312  1.036729623211317 46.807678910252065 253.85275369038112 560.96277729576673  1.0367296232081431 53.780171282326009 253.34008911700829 559.92860712671643  1.036729623210509 61.119985465155679 252.77814316179899 558.75169115513575  1.0367296232092458 68.792949621307272 252.16461847665076 557.44557321979187  1.036729623209687 83.97516661598722 250.89562092303277 554.73611341643209  1.0367296232095582 100.11767809701153 249.44196704188178 551.632344063593  1.0367296232096415 107.9759235808706 248.70491006376349 550.08465785530359  1.0367296232095244 116.00187128456881 247.91762997453861 548.47549607386713  1.0367296232098286 124.17061572412133 247.08018865016683 546.81334895350381  1.0367296232092311 132.45615361697594 246.1971231753302 545.09972016558015  1.0367296232100558 140.8322113202791 245.27349967303581 543.33462267278514  1.0367296232092571 149.27363234423237 244.30996754840797 541.5249486891629  1.0367296232098004 157.7565174952185 243.30213513634189 539.68556127428712  1.0367296232095549 170.70506242091216 241.69157848799054 536.86107543014828  1.0367296232096426 183.63831934355284 239.95007191359085 534.04296483896542  1.0367296232096022 188.07590963354281 239.33658674653128 533.0763777319471  1.0367296232095859 192.50442112465498 238.70805320402479 532.11223035480839  1.036729623209738 196.92023477988059 238.06459332511335 531.15149913881805  1.036729623209355 201.31973585510804 237.40630786469004 530.19519346498043  1.036729623209921 205.69931017189094 236.73329397222167 529.24432588507568  1.0367296232093683 210.05534212825137 236.04565741024737 528.29989185396448  1.0367296232097332 214.38421444823047 235.34351931269165 527.36285897306709  1.0367296232095815 223.22310276842069 233.87005738870431 525.4530325725085  1.036729623209635 231.91654748821489 232.33648613869306 523.58235589029493  1.0367296232095951 236.34003771924665 231.53250907156797 522.63339793216005  1.0367296232096497 240.71673551617044 230.71214965456213 521.69819915562687  1.0367296232095535 245.04242299775711 229.87518970247979 520.77842373410806  1.0367296232096492 249.31287182841294 229.02143733048362 519.87570582673698  1.0367296232096239 253.52384248631756 228.15072615975083 518.99165170256504  1.0367296232095677 257.67108353128538 227.26291452314393 518.12784186500755  1.0367296232096461 261.75033087292746 226.35788467086061 517.28583317603523  1.0367296232096008 271.7571136506088 224.05448115372724 515.24133016740518  1.0367296232096237 281.28639681524567 221.64265158723106 513.35182461091233  1.0367296232095959 286.81386816600974 220.15714266541076 512.28007435899281  1.0367296232096359 292.14078403951356 218.63182664909237 511.27483367024098  1.0367296232096062 297.25253951305649 217.06650023304974 510.34137204998171  1.0367296232095853 302.13441141326916 215.46113920621215 509.4848830801705  1.0367296232096472 306.77148550706511 213.81591213573944 508.71051112797335  1.0367296232095993 311.14857285210758 212.13125239074699 508.0233583041466  1.0367296232095964 315.25014740251549 210.40804712576968 507.428441223493  1.0367296232096332 322.87052649551549 206.88795656546557 506.43269301982207  1.0367296232095675 329.26079755229864 203.23299643104451 505.84256826054786  1.0367296232096774 332.13194728796884 201.37459610536158 505.65348921438874  1.0367296232093093 334.66541654271452 199.49275633097264 505.57241870583249  1.0367296232102778 336.83608737980342 197.58221076079428 505.60947055273675  1.036729623208634 338.64668758926075 195.68429996228718 505.74940752772301  1.0367296232106518 340.06615963542788 193.75361669918303 506.01863691554371  1.0367296232087788 341.0906828617957 191.88959349474797 506.38298859448946  1.03672962321011 341.78797951884678 190.03626482709566 506.8424381218814  1.0367296232094017 342.14986774051124 188.14486751935442 507.41763891553296  1.0367296232096634 342.15263695188344 186.18021629085627 508.12908733545828  1.0367296232096115 

0 6
6.2831853071795862 6

0 12
0.0625 9
0.125 9
0.32500000000000001 9
0.50587678860713214 9
0.60053195407070858 9
0.70053195407070856 9
0.85026597703535423 9
1 12

10 0 6.2831853071795862 0 90
2 0 260 470 0 0 1 1 0 -0 -0 1 0 1.5
10 0 6.2831853071795862 0 16.000000000000011
2 345.16252954107665 187.01683476679023 510.42767770678552 0 -0.93969262078590787 0.34202014332567021 0.14018871472797836 -0.33864262681597052 -0.93041297044167282 0.99012480236731648 0.047947364303904644 0.13173430074734196 1.9999999999999998
9 1 1 1 0 6 11 6 75 2 9 1.4999999999999147 260 560  1.6690784610682365 1.5000000000016485 259.99990371506721 560.31524856276121  1.6690784610682301 1.5453383229269093 259.99771785661085 560.58396735445342  1.6690784610682563 1.6257873629456299 259.99387374775944 560.81741108831397  1.6690784610682226 1.737290495780627 259.98850571830189 561.03322529473803  1.6690784610682166 1.8771909696225748 259.98172478056608 561.26739049150615  1.6690784610682949 2.1054150101009554 259.97048077995112 561.52901719295346  1.6690784610681675 2.4032748929676302 259.95549344996857 561.78474333999191  1.6690784610682858 2.7842137994098266 259.93603087093828 562.04419012288577  1.6690784610682166 3.243506745218923 259.91219494608049 562.29376130465414  1.6690784610682357 4.3165310394660708 259.85570009064855 562.76895732280161  1.6690784610682523 5.6888769671282091 259.78164872043374 563.18354550795573  1.6690784610682059 6.4475386761202458 259.74025473379902 563.37276398459949  1.6690784610683786 7.2761341542206992 259.69452935062378 563.54227845297441  1.6690784610679519 8.1722592838752632 259.64450483367642 563.6912403424227  1.6690784610686062 9.1338009409278413 259.59020011977128 563.8192452824735  1.6690784610679146 10.15892499687817 259.53162038623145 563.92613660460984  1.6690784610684024 11.245984086317236 259.46876108159495 564.01190727010942  1.6690784610682234 12.393417043796404 259.40161263446947 564.07665952468801  1.6690784610681895 17.459855477534234 259.10152019875682 564.26113216834051  1.6690784610684704 23.540552073486566 258.72515531475483 564.0821679159659  1.6690784610677127 28.716997857059312 258.39422783418382 563.74257248494769  1.6690784610697635 34.399443881909946 258.0186771200116 563.21179258763414  1.6690784610655203 40.552347889527141 257.59778422674839 562.50211471281136  1.669078461071611 47.140579151895295 257.13057496328935 561.62539511824446  1.6690784610651856 54.12946468061935 256.6157195450096 560.59355748641872  1.6690784610702458 61.484920167942406 256.05150065408031 559.41889399973127  1.6690784610673302 69.173092446675923 255.43605902661002 558.11374083823046  1.6690784610684559 84.383056823106685 254.16410817299098 555.40243699910695  1.6690784610680602 100.55470827694722 252.7051798191886 552.30593562154615  1.6690784610683667 108.4262144466128 251.96644333603203 550.75742017741595  1.6690784610678135 116.4642741294399 251.17937612054612 549.13970030758867  1.6690784610691196 124.64400148051229 250.34350172893727 547.46198050310727  1.6690784610669398 132.94090712977578 249.46156045087551 545.73346549489941  1.669078461069603 141.33066877944478 248.5368856239306 543.96319603735697  1.6690784610672009 149.78871988023764 247.56962652466737 542.16018295593938  1.6690784610687794 158.29009096740432 246.55627202721755 540.33345183150902  1.6690784610680669 171.26801831244779 244.93682576549935 537.52805971011946  1.669078461068344 184.22912552289947 243.19063207398179 534.70838311010402  1.6690784610681826 188.67622250797933 242.57591356698805 533.73933582897587  1.6690784610683704 193.11427916422468 241.94642229095282 532.77120167867542  1.6690784610680671 197.53976453716098 241.30219022231671 531.805280295015  1.6690784610683536 201.94914808974059 240.64323369277011 530.84287055283062  1.6690784610681983 206.33890145492933 239.96956665691937 529.88527012365466  1.6690784610682323 210.70550001259514 239.28120963420977 528.93377520169929  1.6690784610682496 215.04542428915752 238.57819432507233 527.98968039843055  1.6690784610682241 223.90825331439731 237.10241148542326 526.06605847079186  1.669078461068265 232.62859252684297 235.56503456064249 524.18466370439774  1.669078461068193 237.06669049797213 234.75874153590141 523.23079310288222  1.6690784610684319 241.4588104890735 233.9357251688553 522.2910922015177  1.6690784610678178 245.80077059977918 233.09577533118912 521.36707539465226  1.6690784610688105 250.08839255754398 232.23869565108487 520.46025794588536  1.6690784610676852 254.31750228169201 231.36430199790686 519.57215574655413  1.6690784610686087 258.48393044694814 230.4724209668785 518.70428507414624  1.6690784610680793 262.58351304740262 229.56288836378019 517.85816235079778  1.6690784610682543 272.64424523465146 227.24700319161198 515.80320484260142  1.6690784610682505 282.2362553475607 224.81911678004104 513.90279459205033  1.6690784610681844 287.80489765669336 223.32249051069843 512.82400444035204  1.6690784610684288 293.17712165916987 221.7843082139112 511.81094378045759  1.669078461067885 298.33901178247169 220.20394769591701 510.86870191912254  1.6690784610686977 303.27668634254132 218.58077844561632 510.00237360517207  1.6690784610677676 307.97631759852266 216.91415086715114 509.21705443017117  1.6690784610686058 312.42415547931876 215.20337104858922 508.51784079322357  1.669078461068018 316.60654716136241 213.44764396146115 507.90984282903401  1.6690784610683256 324.41334218422128 209.84429200987191 506.88659456561555  1.6690784610681093 331.05033928157491 206.05162663678723 506.26992256985056  1.6690784610684011 334.06301543417067 204.10667787797226 506.06844253680794  1.6690784610675253 336.75580218994196 202.11052678845121 505.97971573978595  1.6690784610697913 339.11760148243798 200.06417075671177 506.00743966133695  1.669078461065951 341.13026544199067 197.95561958928573 506.16215857067562  1.6690784610706781 342.78395343051852 195.79681500870802 506.44323871169217  1.6690784610662939 344.0628931247067 193.55993814100776 506.86620273754716  1.6690784610693772 344.93060307002986 191.2586350077141 507.43795968787236  1.6690784610677663 345.37113124995903 188.9053220118129 508.15956801469832  1.6690784610683502 345.37281261316855 186.50887082656627 509.03205825112303  1.6690784610682365 
1.4999999999999716 262.4923146133566 560  1.0367296232096121 1.5001599815636837 262.49221832842369 560.33092145298383  1.0367296232096213 1.5477609473404073 262.48992404401355 560.61710299725496  1.0367296232095722 1.633426688715474 262.48582034609109 560.86905690822198  1.0367296232097267 1.7535144983633586 262.48001962644111 561.10310358235233  1.036729623209393 1.9058524773887768 262.47260379294676 561.35239355915519  1.0367296232099072 2.1454887983301774 262.46076222413916 561.62465966394564  1.0367296232093268 2.4548296721871736 262.44517085285406 561.88942009919856  1.0367296232098058 2.8462334088893044 262.42514965319089 562.15537878224131  1.0367296232095293 3.315136020072913 262.40079655659622 562.41008816494059  1.0367296232096235 4.4056411372859543 262.34335333563388 562.89319231964987  1.0367296232096197 5.7923016494563626 262.26851410300918 563.31212333204076  1.0367296232095857 6.5574055275874628 262.22676344578991 563.50289365244021  1.036729623209752 7.3918355475843782 262.18071379084881 563.67351329317057  1.0367296232093104 8.2932909103199677 262.1303924945405 563.82324389442192  1.0367296232100245 9.2597425689240538 262.07581442936748 563.9517530168074  1.036729623209228 10.289420047433595 262.01698169681009 564.05893274197592  1.0367296232098464 11.380725612186723 261.9538873921752 564.14480984608031  1.0367296232095415 12.53214140832057 261.88651995957122 564.2095093010937  1.0367296232095975 17.614367192063099 261.58556778175398 564.39314825895622  1.0367296232097243 23.707385538600136 261.20857709186311 564.21089966233865  1.0367296232093468 28.892139771988411 260.87720326747279 563.868894247355  1.0367296232103844 34.582407015732855 260.50116542857626 563.33660140112579  1.0367296232082781 40.743052818601996 260.07969887397775 562.62678235135229  1.0367296232111951 47.339211705498769 259.61180426005228 561.75140992635318  1.0367296232082637 54.336312241149443 259.09615683091266 560.72197644406697  1.0367296232104388 61.700191241349472 258.5310887877481 559.5497335384581  1.0367296232092658 69.396808555315829 257.91482372906745 558.24576789202752  1.0367296232096923 84.622835781588478 256.64140886829352 555.53395673629348  1.0367296232095435 100.81303755362408 255.18027397005829 552.44364900296443  1.0367296232096681 108.6931276687107 254.4406092606016 550.89480446696541  1.0367296232094054 116.73903129465037 253.65313328464802 549.2708500099078  1.0367296232100778 124.92584539265232 252.81705456741878 547.58157905759151  1.0367296232088967 133.23028322199076 251.93465869458183 545.84202543775018  1.0367296232103778 141.62959495734555 251.00902056879568 544.06801305652971  1.0367296232090322 150.09970440506734 250.04015950917159 542.27014652370815  1.036729623209915 158.61478656879015 249.02455483259911 540.45308182572228  1.0367296232095193 171.61476522495289 247.40130942364567 537.66224195775987  1.0367296232096677 184.59676948788004 245.65210693524185 534.84143283561616  1.0367296232095897 189.05100467562056 245.03641861478479 533.87053506610152  1.0367296232096388 193.49623803921617 244.40599149334253 532.89938849395423  1.0367296232096248 197.92900898648981 243.76082777772135 531.92953791765979  1.0367296232095251 202.34585454011369 243.10091434832557 530.96250190151329  1.0367296232097403 206.7433156389871 242.42623603547679 529.99979422503202  1.0367296232095071 211.11794178299897 241.7367843393568 529.04293853587546  1.0367296232096672 215.46629402099293 241.0325615935879 528.0934762062177  1.0367296232095959 224.34745720262475 239.55400129581119 526.15935145103219  1.0367296232096288 233.08858163563485 238.01310470202012 524.26974476447822  1.0367296232095959 237.53801231414548 237.20480544702627 523.31209421094729  1.036729623209667 241.94213685145559 236.3795784539416 522.36891329541982  1.0367296232095058 246.29680080482279 235.53720222373715 521.44160281545794  1.0367296232097374 250.59786482785933 234.67746304509905 520.5315878179922  1.0367296232095156 254.84120634773774 233.80015255957298 519.64031552277243  1.0367296232096594 259.02272124098045 232.90506532666112 518.76925324630861  1.036729623209601 263.13832551072608 231.99199638896971 517.91988632530263  1.0367296232096097 273.24164369028034 229.66632944105743 515.85665803651978  1.0367296232096221 282.8833735372196 227.22590762435428 513.94754993776394  1.0367296232095926 288.48471264785161 225.72057343616996 512.86313320637009  1.0367296232096561 293.8929774386707 224.17225814039074 511.84382118541458  1.0367296232095755 299.09480178317625 222.57998772460166 510.89456513612743  1.0367296232096159 304.07697601911593 220.94263722119584 510.02038414663633  1.0367296232096292 308.82654166630164 219.2588989092219 509.22633590133148  1.0367296232096059 313.33090161513547 217.52717783429617 508.5175113923035  1.0367296232095971 317.57790607940365 215.74533646973134 507.89909320456337  1.0367296232096328 325.53384311748869 212.07508421623538 506.85394081077834  1.03672962320957 332.36846520920767 208.17176090024753 506.21612871615474  1.0367296232096752 335.4945571029329 206.1572760877938 506.00477321201879  1.0367296232093244 338.3150781859153 204.0693028928066 505.90996866708281  1.0367296232102419 340.83018210293426 201.91390374904313 505.93024945995364  1.0367296232087002 343.00503860023241 199.63621073978342 506.09685682625496  1.0367296232105654 344.846770877278 197.29428063405641 506.38744256717382  1.0367296232088679 346.33021110840264 194.75801918715899 506.85740435695351  1.0367296232100436 347.33511602113686 192.09681048020431 507.51930338379287  1.0367296232094367 347.83922930928401 189.37217759779713 508.35849126511994  1.0367296232096546 347.84051512715547 186.62837074329281 509.36038157395592  1.0367296232096121 
-1.5818222858221986 262.85016857486841 560  1.0383466998475064 -1.5816393336293402 262.85027011196905 560.73609968289134  1.0383466998475168 -1.475765309086853 262.84518371020079 561.46636451365271  1.0383466998474637 -1.2545396481930311 262.83433518305202 562.17883896669889  1.0383466998476225 -0.91530967957470466 262.81748732343664 562.85416173035117  1.0383466998472968 -0.45681784331404174 262.79441931810669 563.45191545093815  1.0383466998477751 0.050063726399798725 262.76855116621084 563.96167930133799  1.0383466998472555 0.62419455861410711 262.73900332231074 564.42269114996361  1.0383466998476745 1.2480589478878414 262.7065365139232 564.82451816135517  1.0383466998474302 1.924725147232607 262.67096827511637 565.18357399481965  1.0383466998475248 3.3818252597305616 262.59357201203846 565.82252515893185  1.0383466998474911 5.0484982577408459 262.50326685438876 566.32095204090763  1.0383466998475184 5.9346862036945538 262.45479135015978 566.53919047763031  1.0383466998474737 6.8744442895633142 262.40287798055493 566.7291310031643  1.0383466998475701 7.8683273440830419 262.34741665015065 566.89255666252348  1.0383466998474067 8.9165613247378417 262.28831227918596 567.03073829418929  1.0383466998476387 10.019054618121118 262.22548542861728 567.1446590136195  1.0383466998473674 11.175502625602434 262.15886774496579 567.23512706476936  1.0383466998476107 12.385502618006939 262.088396590397 567.30282276508262  1.0383466998474575 17.690494140151799 261.77598645128944 567.49393328567157  1.038346699847684 23.920964245045212 261.39370501094942 567.30291038389998  1.0383466998471327 29.18523754688141 261.05934499483743 566.95409296658568  1.0383466998485655 34.938251571878993 260.67997113822423 566.4151788064022  1.038346699845639 41.149187351153529 260.25398038037537 565.6987282804248  1.0383466998498245 47.786628910443127 259.78006239094594 564.81734587019207  1.0383466998454001 54.818490367241779 259.25731634469884 563.78293834494059  1.0383466998489046 62.211858706580927 258.68530096733241 562.6063272210688  1.0383466998468673 69.933453538142629 258.06376280429544 561.2980486663871  1.0383466998476689 85.200804519126066 256.78396613846974 558.57896791328039  1.0383466998473623 101.42082814551203 255.30813825078616 555.48344613603354  1.0383466998476296 109.31334040526683 254.5656167343576 553.93214777346691  1.0383466998470523 117.37056118538482 253.78275341777885 552.30578616039122  1.0383466998484823 125.56784733087224 252.95798256677296 550.61380172943086  1.0383466998460604 133.88153255481228 252.08618651874195 548.87162722021003  1.0383466998490405 142.28819732991957 251.16184666370867 547.09595933470155  1.038346699846334 150.76344221420436 250.18294906190448 545.29759186394926  1.0383466998481234 159.28175352531895 249.15147753208879 543.48048342035327  1.0383466998473203 172.28477923854251 247.50411633738858 540.68982670510115  1.0383466998476067 185.26970723242721 245.75031898577186 537.86850993537519  1.0383466998474795 189.72490010880179 245.13485966160687 536.89739049867535  1.0383466998474664 194.17101736606705 244.50608599756148 535.9259950047209  1.0383466998477131 198.60457317429413 243.86368546481668 534.95588077684158  1.0383466998471023 203.02207805869605 243.20736239672024 533.98857681004586  1.038346699847994 207.42004225265615 242.53682400736483 533.02560927266234  1.03834669984711 211.79497754393529 241.85177070796408 532.06851886531683  1.0383466998477155 216.14339761443182 241.15189072142726 531.11887003723245  1.0383466998474513 225.02408163421018 239.68145201499655 529.18452079048836  1.038346699847553 233.76314161560691 238.14551854838601 527.29515969340991  1.0383466998474684 238.21110202219757 237.33914408023259 526.33775098965157  1.0383466998476161 242.61335145665117 236.51539053407814 525.39492033335387  1.038346699847305 246.96573554008262 235.67417788475765 524.46806258643164  1.0383466998477509 251.26410918282193 234.81540477443377 523.55859843114047  1.0383466998472977 255.50433726318622 233.93894905897434 522.667972526482  1.0383466998476272 259.68229530462219 233.04466835432774 521.79765166481172  1.0383466998474702 263.79387015449993 232.13240058290657 520.94912292823687  1.0383466998475004 273.88584804944901 229.80878517179701 518.88824014578393  1.038346699847537 283.5127370598459 227.37061317400565 516.98215111888908  1.0383466998474473 289.1038254115158 225.86706865375155 515.8997753828271  1.0383466998477104 294.50033810297379 224.32127019103643 514.88274114050955  1.0383466998471289 299.68872135695995 222.73250269147096 513.93600363636585  1.0383466998480044 304.65552583546116 221.09989671339724 513.0645837178231  1.0383466998470159 309.38747087288596 219.42241577247495 512.27354451829763  1.0383466998478621 313.87151833345035 217.69879232148708 511.56798548582196  1.0383466998473256 318.09492786929655 215.92736060431551 510.95308062021849  1.038346699847561 325.99560286641105 212.28410856058875 509.91529493778961  1.0383466998474458 332.75521186648587 208.42553880591186 509.28455316206708  1.0383466998475728 335.83783443819573 206.43907671243454 509.07650295800056  1.0383466998472395 338.60892712569108 204.38795687093847 508.98358321481294  1.038346699848085 341.06420388501556 202.27595089274993 509.00647035112411  1.0383466998466602 343.17486807176095 200.06569988644688 509.1681936556555  1.0383466998484012 344.94183991444663 197.79637821825241 509.45506921754355  1.0383466998467998 346.34215079404026 195.37939296451304 509.90680807666416  1.0383466998479216 347.2896268182763 192.86312594002561 510.53306804862535  1.0383466998473332 347.76502392223603 190.2896721211485 511.32525090614297  1.0383466998475495 347.76279850480427 187.68916529180385 512.27489064267058  1.0383466998475064 
-4.123675381512669 260 560  0.85353433019614966 -4.123675381507212 260.00026469853674 561.05050690366897  0.85353433019615299 -3.9725938544407029 259.9930122235973 562.12500859584566  0.85353433019613156 -3.6461433863461536 259.97692823920755 563.19395531893201  0.85353433019621228 -3.1370013138566151 259.95151487891229 564.21022821173597  0.85353433019601765 -2.4416933852420186 259.91633837850276 565.07630338900799  0.85353433019634006 -1.7287932730322666 259.8796553914982 565.76852574662769  0.85353433019595404 -0.95075570775867391 259.83935870797518 566.38000225075302  0.8535343301962921 -0.1483670375690167 259.79733188257751 566.88567388943738  0.85353433019608138 0.6875328014434956 259.75316619313935 567.32430907282412  0.85353433019616542 2.4249354807774921 259.66050972606672 568.08182099799012  0.85353433019614044 4.3044945652878823 259.5584427328854 568.64033451257808  0.8535343301961521 5.2824212442990017 259.50487077021859 568.87926990902633  0.85353433019615554 6.3016895171372482 259.44853030711391 569.08375135061317  0.853534330196141 7.3650791141475906 259.38920407123538 569.25750242216589  0.85353433019614111 8.4745697893125111 259.32671142480365 569.40302555058338  0.85353433019618863 9.631374306671745 259.260909556564 569.52214220072256  0.85353433019608949 10.836191995185089 259.19168240074544 569.61626248803668  0.85353433019620573 12.089485210999754 259.118927692022 569.68649609198985  0.85353433019611702 17.558287689698346 258.79815215454693 569.88482119394359  0.853534330196279 23.88657633615361 258.41229673391024 569.69070621268213  0.85353433019587288 29.205950754507683 258.07603702951724 569.33931175145278  0.85353433019694003 35.00084718870886 257.69452641778463 568.79684575896488  0.85353433019475944 41.243491373497562 257.26552811252941 568.0751038285041  0.85353433019785663 47.904977696845904 256.7875070274232 567.18706430888085  0.85353433019463143 54.955142168178014 256.25990564455219 566.14552019032794  0.85353433019712477 62.362202444257591 255.68323181982737 564.96225141382786  0.85353433019572567 70.093740749718435 255.05838363569003 563.64891696563723  0.85353433019624592 85.37490365341921 253.77517091698559 560.92448056658316  0.85353433019607639 101.59611335504839 252.29000909150119 557.81684187076428  0.85353433019619851 109.4880382497295 251.54630274173425 556.26393493583168  0.85353433019599556 117.54469416991061 250.76775975509338 554.64345602995729  0.85353433019648806 125.74167400916281 249.95257336833959 552.96381120006356  0.8535343301956253 134.05348070587115 249.09009364168463 551.23340583344191  0.85353433019672253 142.4541578966469 248.16804027752011 549.46109610823896  0.85353433019570624 150.91842069438428 247.18288633404268 547.65582048059241  0.85353433019638536 159.42209187361601 246.1411677438368 545.82647684237838  0.85353433019607439 172.39980182073944 244.4787106711735 543.01760611986583  0.85353433019619929 185.36076901489477 242.72492065463652 540.19729990071744  0.85353433019612324 189.80774330886331 242.11087411706197 539.22833296769875  0.85353433019621994 194.24553252518757 241.48464525147605 538.26053386818955  0.85353433019605462 198.67054122030984 240.84569950808378 537.29516085844216  0.85353433019622382 203.07917280367218 240.19354534635866 536.33347428663239  0.85353433019611502 207.46782471838227 239.52769776062573 535.3767378090738  0.85353433019615788 211.83288410758655 238.84765369773339 534.4262191432922  0.85353433019615166 216.17072396540885 238.15287936666618 533.48319035805264  0.85353433019614489 225.02787491393877 236.69264443553615 531.56191061228117  0.85353433019616076 233.73900103037505 235.16524635429903 529.68311558891651  0.85353433019613245 238.17144679819864 234.36299130906261 528.73067669229761  0.85353433019622771 242.55699982740973 233.54324287488112 527.79252673391841  0.85353433019598535 246.89147113995057 232.70605206262147 526.8701990401197  0.85353433019636482 251.17066178410846 231.85143206494175 525.96522454750811  0.85353433019595315 255.39036128460697 230.97936242205836 525.07913246705721  0.85353433019627745 259.54634609272011 230.08979318753387 524.21345094806418  0.85353433019609481 263.63437803632416 229.18264909405369 523.36970774225983  0.85353433019615976 273.66325869902147 226.87307045344738 521.32119730419026  0.85353433019614111 283.21516041671748 224.45257387114751 519.42857513414572  0.85353433019615388 288.75653040922589 222.96149491813892 518.35498358075267  0.85353433019613156 294.09786631192833 221.43056024394411 517.34771729691954  0.85353433019620017 299.22476617041832 219.85971230505356 516.41190902681842  0.8535343301960755 304.12273486625696 218.24891642325878 515.55267655370812  0.85353433019621505 308.77712898576351 216.59819038664261 514.77513534408922  0.85353433019611991 313.17309159103309 214.90767381328305 514.08439864441937  0.85353433019614378 317.29549840012407 213.17778430250871 513.48554194039548  0.85353433019617109 324.96237536192154 209.64123049379742 512.4814754422448  0.85353433019610048 331.41070993884819 205.95922426417829 511.88324417518589  0.85353433019622671 334.31434784670085 204.08363010152269 511.69038307610975  0.85353433019579505 336.88347071285637 202.17878679098968 511.60668806704382  0.85353433019692682 339.09593092983619 200.24018436793611 511.64111817946787  0.85353433019501812 340.94896162119619 198.29901724947854 511.7838098281685  0.85353433019733915 342.41695836307753 196.32068821680039 512.05562912601295  0.85353433019521852 343.49062362367943 194.37990658060539 512.43302632824748  0.85353433019668934 344.21759169815596 192.43738980488385 512.9161315204268  0.85353433019592961 344.58905905341584 190.45723571942955 513.5211587377355  0.85353433019620228 344.58443678938704 188.41328703012204 514.26439876763595  0.85353433019614966 
-1.5818222858221986 257.14983142513159 560  1.0383466998475068 -1.582005238017274 257.14993296223258 560.70025318184992  1.0383466998475046 -1.481306253163666 257.14509454861474 561.39057779932  1.0383466998475124 -1.2720120541125937 257.1348397447548 562.06071640532377  1.0383466998475146 -0.95241666596521668 257.11898151941699 562.69433848947665  1.0383466998474657 -0.52237146839061666 257.09736562605627 563.25749932793337  1.0383466998475832 -0.04159167790598417 257.07286421179174 563.74292909720475  1.0383466998474202 0.50628022235360959 257.04469791059864 564.18327802930662  1.0383466998475721 1.1062098081500551 257.01350876030511 564.57021124434323  1.038346699847472 1.7608971079162359 256.97912337909418 564.91751515953024  1.038346699847521 3.178015677141218 256.90389618537415 565.53837910287757  1.0383466998474848 4.8119488447216838 256.81539299981512 566.0268732182202  1.0383466998475364 5.6834024806430534 256.7677332603929 566.24156233072245  1.0383466998473743 6.6098160010144511 256.71656155416929 566.42897514367462  1.0383466998478004 7.5915079276858535 256.66177900735767 566.59064263154482  1.0383466998470712 8.6285119200766474 256.60329983617856 566.72767111455698  1.0383466998479751 9.7205907802885747 256.54105163629151 566.84093220837201  1.0383466998471371 10.867326393987895 256.474971436673 566.93115681677807  1.0383466998477093 12.068216973405839 256.40500113822401 566.99897327845531  1.0383466998474447 17.337100205948531 256.09455737199835 567.1919905768101  1.0383466998476938 23.539388422423599 255.71370725357994 567.00847951538788  1.0383466998471333 28.784658920363256 255.38036809987128 566.66517413139377  1.0383466998485458 34.51978452031878 255.00210837831989 566.12972033641768  1.0383466998456825 40.713013528134383 254.57742967919506 565.41359270106398  1.0383466998497695 47.332323295406965 254.10507919996832 564.52912909036036  1.0383466998454534 54.345395667194197 253.58414461405425 563.48922287618996  1.038346699848868 61.719498035077351 253.01407138874072 562.30707548162206  1.0383466998468875 69.421777669322154 252.39441654955584 560.99608088291075  1.0383466998476591 84.652390246957111 251.11796831105673 558.27816044708197  1.0383466998473818 100.82998621695033 249.64718715669744 555.16847277757165  1.0383466998476023 108.7028655689591 248.90678864786108 553.61792710272402  1.0383466998471771 116.74214594932437 248.12486023432183 552.00582502534758  1.0383466998482196 124.92322352851826 247.30055670990635 550.34025998653885  1.0383466998464319 133.21968140652402 246.42980039558282 548.62333261410276  1.0383466998486641 141.60450355074428 245.50766376486422 546.85622541623763  1.0383466998466118 150.05216899437119 244.53243011227096 545.04608693470902  1.038346699847986 158.53912079788549 243.50610511555305 543.20686976958086  1.0383466998473523 171.49171150290738 241.86743320109235 540.38292963562094  1.0383466998476067 184.42884446966531 240.12051746730054 537.56420313195906  1.0383466998474558 188.867711091893 239.50727626747678 536.59731606930688  1.0383466998476358 193.29741402837311 238.880643037195 535.6328104840693  1.0383466998473505 197.71430651898731 238.24037333571792 534.67168297182945  1.0383466998475874 202.11474456856985 237.58623885639116 533.71496006138193  1.0383466998475346 206.49507989642075 236.91801342535825 532.76367364618352  1.0383466998474284 210.85165476544606 236.23546382572471 531.81884420311542  1.0383466998475661 215.18079868943127 235.53834544715068 530.88147179868542  1.0383466998474857 224.01954945077054 234.07425924841064 528.97114426160863  1.0383466998475328 232.71107018318565 232.5463758489563 527.10056518880253  1.0383466998474762 237.1331108071968 231.74458996235072 526.15180186262342  1.0383466998476245 241.50790385217044 230.92589248482085 525.21693057628625  1.0383466998472715 245.83123213910662 230.0902293979313 524.29760600632278  1.0383466998477975 250.0988615476511 229.23753900212151 523.39545517562419  1.0383466998472657 254.30653914930622 228.36775456633089 522.51207980633285  1.0383466998476387 258.4499913399701 227.48080697749575 521.64905867285256  1.0383466998474709 262.52492197321237 226.57662739018636 520.80794995472149  1.0383466998474986 272.51949863611401 224.27538452360423 518.76598382010604  1.0383466998475435 282.03267036319232 221.86588307774892 516.87978821556544  1.0383466998474378 287.54897570347572 220.38225501306562 515.81028140105923  1.0383466998477522 292.86305713044237 218.85963240074287 514.80754505899199  1.0383466998470334 297.96010419324165 217.29810481400651 513.87685016675016  1.0383466998481594 302.82513052747493 215.69793371535459 513.02339062045417  1.0383466998468385 307.44286732527871 214.05958786166826 512.25231625336869  1.03834669984801 311.7976394355743 212.38386053945305 511.56873888040207  1.0383466998472424 315.87326881528804 210.67215650874095 510.97766679540752  1.0383466998475899 323.43283127167308 207.18191655837552 509.98997949438035  1.0383466998474113 329.74043911147191 203.57643988409916 509.40758863319093  1.0383466998476145 332.56366106044607 201.74901828564853 509.22212527047782  1.0383466998470756 335.04260414283794 199.90791083824274 509.14310634541511  1.0383466998484263 337.14724778272614 198.04530455437194 509.18301715233792  1.0383466998461754 338.88695071847644 196.22190901125191 509.31754958271108  1.0383466998489079 340.22383406455322 194.37142581108972 509.58268426011011  1.0383466998464048 341.15641827736135 192.63918277624049 509.92693143325982  1.0383466998481514 341.79010664174541 190.94607952936272 510.3470215161185  1.038346699847239 342.12007405061183 189.221895915809 510.87028041876806  1.0383466998475726 342.11875331099407 187.41584914983036 511.52396071422584  1.0383466998475068 
1.4999999999999716 257.5076853866434 560  1.0367296232096115 1.4998400184406648 257.5075891017114 560.29957567253757  1.0367296232096019 1.5429156985087218 257.50551166920525 560.55083171165597  1.0367296232096457 1.6181480371902808 257.50192714943535 560.76576526839563  1.0367296232095533 1.7210664931663757 257.49699181014995 560.9633470071434  1.0367296232096748 1.8485294619079298 257.49084576820093 561.18238742383187  1.0367296232095686 2.0653412218093763 257.4801993357479 561.43337472198334  1.0367296232096208 2.3517201137999848 257.46581604709473 561.68006658077104  1.036729623209625 2.7221941899023534 257.44691208867977 561.93300146353693  1.0367296232095944 3.1718774703738859 257.42359333556612 562.17743444436621  1.0367296232096213 4.2274209416359838 257.36804684566209 562.64472232595438  1.0367296232095984 5.5854522848112538 257.29478333785949 563.05496768387013  1.0367296232096279 6.3376718246170185 257.25374602180392 563.24263431675979  1.0367296232095384 7.160432760910993 257.20834491040853 563.41104361277735  1.0367296232097702 8.0512276573847146 257.15861717279807 563.55923679042326  1.0367296232093828 9.0078593129476019 257.10458581018986 563.68673754814085  1.0367296232098471 10.028429946333944 257.04625907564179 563.79334046724148  1.0367296232094338 11.111242560430753 256.98363477101987 563.87900469414024  1.0367296232097114 12.25469267928051 256.91670530936688 563.94380974828152  1.0367296232095728 17.305343762979845 256.61747261576119 564.12911607772742  1.0367296232097483 23.37371860842353 256.24173353764434 563.95343616958758  1.0367296232093246 28.541855941987649 255.91125240090076 563.61625072255686  1.0367296232104242 34.216480748347266 255.53618881143564 563.08698377411099  1.0367296232081971 40.361642960110657 255.1158695795352 562.37744707431352  1.036729623211317 46.941946598623829 254.64934566650876 561.49938031009231  1.0367296232081431 53.922617119853086 254.13528225912094 560.46513852880275  1.036729623210509 61.269649094648798 253.5719125204046 559.28805446098841  1.0367296232092458 68.949376338008051 252.95729432415496 557.98171378443749  1.036729623209687 84.14327786464419 251.68680747768641 555.27091726191759  1.0367296232095582 100.2963790002589 250.23008566832058 552.16822224012935  1.0367296232096415 108.15930122454103 249.49227741145711 550.62003588786342  1.0367296232095244 116.18951696419163 248.70561895645437 549.00855060527363  1.0367296232098286 124.3621575684104 247.86994889044283 547.34238194861962  1.0367296232092311 132.65153103753235 246.98846220718099 545.62490555205022  1.0367296232100558 141.03174260155905 246.06475067905774 543.85837901818354  1.0367296232092571 149.47773535540301 245.09909354016668 542.05021938817049  1.0367296232098004 157.96539536601912 244.08798922183493 540.21382183729588  1.0367296232095549 170.92127139994307 242.47234210735374 537.39387746247883  1.0367296232096426 183.86148155791773 240.72915721272139 534.57533338459211  1.0367296232096022 188.30144034034481 240.11540851919284 533.60813659184885  1.0367296232095859 192.732320289217 239.48685308856028 532.6430148633998  1.036729623209738 197.15052008785705 238.84355266691577 531.68102267236475  1.036729623209355 201.55244163934069 238.18555303721141 530.72323920415386  1.036729623209921 205.93448727089211 237.51289727836399 529.77074602227276  1.0367296232093683 210.29305824218088 236.82563492906195 528.82461186752528  1.0367296232097332 214.62455455732479 236.12382705655688 527.88588459064317  1.0367296232095815 223.46904942616743 234.65082167503525 525.97276549055164  1.036729623209635 232.16860341805264 233.11696441926486 524.09958264431793  1.0367296232095951 236.59536868179634 232.3126776247764 523.14949199481384  1.0367296232096497 240.97548412669167 231.49187188376956 522.213271107624  1.0367296232095535 245.30474039474166 230.6543484386396 521.29254797383351  1.0367296232096492 249.57892028721463 229.79992825707276 520.38892807379318  1.0367296232096239 253.79379821566266 228.92845143623862 519.50399597032447  1.0367296232095677 257.9451396529048 228.03977660709708 518.63931690198967  1.0367296232096461 262.02870058408166 227.13378033859041 517.79643837629203  1.0367296232096008 272.04684677902128 224.82767694216651 515.74975164868329  1.0367296232096237 281.58913715790078 222.41232593572826 513.85803924633785  1.0367296232095959 287.12508266554357 220.92440758522395 512.78487567432853  1.0367296232096359 292.46126587964864 219.39635828743974 511.77806637551282  1.0367296232096062 297.5832217817981 217.82790766721834 510.84283870209924  1.0367296232095853 302.47639666593557 216.21891967005399 509.98436306372707  1.0367296232096472 307.12609353076471 214.56940282506571 509.20777295899683  1.0367296232095993 311.5174093434922 212.87956426289065 508.51817019415063  1.0367296232095964 315.63518824332573 211.14995145318809 507.92059245350259  1.0367296232096332 323.29284125094455 207.61349980351201 506.91924832045521  1.0367296232095675 329.73221335395635 203.93149237332247 506.3237164235436  1.0367296232096774 332.63147376533925 202.05607966816967 506.13211186160834  1.0367296232093093 335.19652619413625 200.1517506840525 506.04946281246617  1.0367296232102778 337.40502086166902 198.21443776444917 506.08462986275157  1.036729623208634 339.25549228406993 196.27502843870772 506.22746031506426  1.0367296232106518 340.72113598348142 194.29934938342839 506.49903485623599  1.0367296232087788 341.79557514118426 192.36185709481435 506.87500111812506  1.03672962321011 342.52609011884851 190.420459535242 507.35661599195907  1.0367296232094017 342.90303319065202 188.43846642582412 507.96064476427489  1.0367296232096634 342.90511009918174 186.38937090983973 508.70373492829009  1.0367296232096115 

0 6
6.2831853071795862 6

0 12
0.0625 9
0.125 9
0.32500000000000001 9
0.50587678860713214 9
0.60053195407070858 9
0.70053195407070856 9
0.85026597703535423 9
1 12

1 345.16252954107659 171.98175283421571 515.89999999999623 -4.7500300268720864e-15 -0.93969262078590976 0.34202014332566494 1.9721522630525295e-31 -0.34202014332566494 -0.93969262078590976 1 -4.4635681647631962e-15 1.6246059505920034e-15 
10 0 6.2831853071795862 0 16.000000000000011
2 345.16252954107665 187.01683476679023 510.42767770678552 0 -0.93969262078590787 0.34202014332567021 0.14018871472797836 -0.33864262681597052 -0.93041297044167282 0.99012480236731648 0.047947364303904644 0.13173430074734196 1.4999999999999998
1 345.16252954107665 171.98175283421565 515.89999999999623 2.2810722602118748e-15 -0.93969262078590854 0.34202014332566838 0 -0.34202014332566838 -0.93969262078590854 1 2.1435067704005325e-15 -7.801726613738717e-16 
Triangulations 0

TShapes 63
Ve
1e-07
2 -35.880961 432.660258
0 0

0101101
*
Ve
0.000105797839235626
2 -35.880961 472.660258
0 0

0101101
*
Ed
 1e-07 1 1 0
1  1 0 0 40
3  1 2G1 1 0 0 40
0

0101000
+63 0 -62 0 *
Ed
 1e-07 1 1 0
1  2 0 0 6.28318530717959
2  3 1 0 0 6.28318530717959
2  4 2 0 0 6.28318530717959
0

0101000
+63 0 -63 0 *
Ed
 0.000105797839235626 1 1 0
1  3 0 0 6.28318530717959
2  5 1 0 0 6.28318530717959
2  6 3 0 0 6.28318530717959
4 G1 3 0 1 0
0

0101100
+62 0 -62 0 *
Wi

0101100
+61 0 +60 0 -61 0 -59 0 *
Fa
0  1e-07 1 0

0101000
+58 0 *
Wi

0101100
+60 0 *
Ve
1e-07
1.5 -35.880961 432.660258
0 0

0101101
*
Ed
 1e-07 1 1 0
1  4 0 0 6.28318530717959
2  7 4 0 0 6.28318530717959
2  8 5 0 0 6.28318530717959
2  9 2 0 0 6.28318530717959
0

0101000
+55 0 -55 0 *
Wi

0101100
-54 0 *
Fa
0  1e-07 2 0

0101000
+56 0 +53 0 *
Ve
4.66466007033405e-05
2 260 470
0 0

0101101
*
Ed
 1e-07 1 1 0
1  5 0 0 1
3  10 11G1 3 0 0 1
0

0101000
+62 0 -51 0 *
Ed
 4.39591540259462e-05 1 1 0
1  6 0 0 6.28318530717959
2  12 3 0 0 6.28318530717959
2  13 6 0 0 6.28318530717959
4 G1 6 0 3 0
0

0101100
+51 0 -51 0 *
Wi

0101100
+50 0 +59 0 -50 0 -49 0 *
Fa
0  1e-07 3 0

0101000
+48 0 *
Ve
7.93483794173645e-05
1.5 -35.880961 472.660258
0 0

0101101
*
Ed
 1e-07 1 1 0
1  7 0 0 40
3  14 15G1 4 0 0 40
0

0101000
+55 0 -46 0 *
Ed
 7.93483794173645e-05 1 1 0
1  8 0 0 6.28318530717959
2  16 4 0 0 6.28318530717959
2  17 7 0 0 6.28318530717959
4 G1 7 0 4 0
0

0101100
+46 0 -46 0 *
Wi

0101100
+45 0 +54 0 -45 0 -44 0 *
Fa
0  1e-07 4 0

0101000
+43 0 *
Ve
0.00010561643112947
2 260 560
0 0

0101101
*
Ed
 1e-07 1 1 0
1  9 0 0 90
3  18 19G1 6 0 0 90
0

0101000
+51 0 -41 0 *
Ed
 0.00010561643112947 1 1 0
1  10 0 0 6.28318530717959
2  20 6 0 0 6.28318530717959
2  21 8 0 0 6.28318530717959
4 G1 8 0 6 0
0

0101100
+41 0 -41 0 *
Wi

0101100
+40 0 +49 0 -40 0 -39 0 *
Fa
0  1e-07 6 0

0101000
+38 0 *
Ve
3.50099505415129e-05
1.5 260 470
0 0

0101101
*
Ed
 1e-07 1 1 0
1  11 0 0 1
3  22 23G1 7 0 0 1
0

0101000
+46 0 -36 0 *
Ed
 3.29693654389269e-05 1 1 0
1  12 0 0 6.28318530717959
2  24 7 0 0 6.28318530717959
2  25 9 0 0 6.28318530717959
4 G1 9 0 7 0
0

0101100
+36 0 -36 0 *
Wi

0101100
+35 0 +44 0 -35 0 -34 0 *
Fa
0  1e-07 7 0

0101000
+33 0 *
Ve
4.39591538668351e-05
345.442906970533 186.339549513158 508.566851765902
0 0

0101101
*
Ed
 1e-07 1 1 0
1  13 0 0 1
3  26 27G1 8 0 0 1
0

0101000
+41 0 -31 0 *
Ed
 4.39591538668351e-05 1 1 0
1  14 0 0 6.28318530717959
2  28 8 0 0 6.28318530717959
2  29 10 0 0 6.28318530717959
4 G1 10 0 8 0
0

0101100
+31 0 -31 0 *
Wi

0101100
+30 0 +39 0 -30 0 -29 0 *
Fa
0  1e-07 8 0

0101000
+28 0 *
Ve
7.92123232558796e-05
1.5 260 560
0 0

0101101
*
Ed
 1e-07 1 1 0
1  15 0 0 90
3  30 31G1 9 0 0 90
0

0101000
+36 0 -26 0 *
Ed
 7.92123232558796e-05 1 1 0
1  16 0 0 6.28318530717959
2  32 9 0 0 6.28318530717959
2  33 11 0 0 6.28318530717959
4 G1 11 0 9 0
0

0101100
+26 0 -26 0 *
Wi

0101100
+25 0 +34 0 -25 0 -24 0 *
Fa
0  1e-07 9 0

0101000
+23 0 *
Ve
1.00000155226967e-07
345.442906970533 171.304467580584 514.039174059113
0 0

0101101
*
Ed
 1e-07 1 1 0
1  17 0 0 16
3  34 35G1 10 0 0 16
0

0101000
+31 0 -21 0 *
Ed
 1e-07 1 1 0
1  18 0 0 6.28318530717959
2  36 10 0 0 6.28318530717959
2  37 12 0 0 6.28318530717959
0

0101000
+21 0 -21 0 *
Wi

0101100
+20 0 +29 0 -20 0 -19 0 *
Fa
0  1e-07 10 0

0101000
+18 0 *
Ve
3.94469376077523e-05
345.372812613169 186.508870826566 509.032058251123
0 0

0101101
*
Ed
 1e-07 1 1 0
1  19 0 0 1
3  38 39G1 11 0 0 1
0

0101000
+26 0 -16 0 *
Ed
 3.29693660683028e-05 1 1 0
1  20 0 0 6.28318530717959
2  40 11 0 0 6.28318530717959
2  41 13 0 0 6.28318530717959
4 G1 13 0 11 0
0

0101100
+16 0 -16 0 *
Wi

0101100
+15 0 +24 0 -15 0 -14 0 *
Fa
0  1e-07 11 0

0101000
+13 0 *
Wi

0101100
+19 0 *
Ve
1.00000116420225e-07
345.372812613169 171.473788893992 514.504380544334
0 0

0101101
*
Ed
 1.00000028421709e-07 1 1 0
1  21 0 0 6.28318530717959
2  42 13 0 0 6.28318530717959
2  43 14 0 0 6.28318530717959
2  44 12 0 0 6.28318530717959
0

0101000
+10 0 -10 0 *
Wi

0101100
-9 0 *
Fa
0  1e-07 12 0

0101000
+11 0 +8 0 *
Ed
 1e-07 1 1 0
1  22 0 0 16
3  45 46G1 13 0 0 16
0

0101000
+16 0 -10 0 *
Wi

0101100
+6 0 +14 0 -6 0 -9 0 *
Fa
0  1e-07 13 0

0101000
+5 0 *
Sh

0101100
+57 0 -52 0 +47 0 -42 0 +37 0 -32 0 +27 0 -22 0 +17 0 -12 0 
+7 0 -4 0 *
So

0100000
+3 0 *
Co

1100000
+2 0 *

+1 0 